/home/noname/Pulpit/8thlab/Human_prop/training_photos/Na_wprost/EMILYMARIEPATTERSON.JPG;1
/home/noname/Pulpit/8thlab/Human_prop/training_photos/Na_wprost/Dziewczynawoda_400x300.jpg;1
/home/noname/Pulpit/8thlab/Human_prop/training_photos/Na_wprost/7af758b2.jpg;0
/home/noname/Pulpit/8thlab/Human_prop/training_photos/Na_wprost/dragonharestudios_blog_4981.jpg;0
/home/noname/Pulpit/8thlab/Human_prop/training_photos/Na_wprost/foto.jpg;0
/home/noname/Pulpit/8thlab/Human_prop/training_photos/Na_wprost/2008_Keith_Johnson_Take_Two.jpg;0
/home/noname/Pulpit/8thlab/Human_prop/training_photos/Na_wprost/180809_marcvallee_jimmy_boy_blog_2.jpg;1
/home/noname/Pulpit/8thlab/Human_prop/training_photos/Na_wprost/Fabio_profile.ashx.jpg;0
/home/noname/Pulpit/8thlab/Human_prop/training_photos/Na_wprost/515px-Sirius_Black_profile.jpg;0
/home/noname/Pulpit/8thlab/Human_prop/training_photos/Na_wprost/fall1sZbVT.jpg;0
/home/noname/Pulpit/8thlab/Human_prop/training_photos/Na_wprost/fr325.jpg;1
/home/noname/Pulpit/8thlab/Human_prop/training_photos/Na_wprost/100812Trench12.jpg;1
/home/noname/Pulpit/8thlab/Human_prop/training_photos/Na_wprost/1204_profile1_lg.jpg;1
/home/noname/Pulpit/8thlab/Human_prop/training_photos/Na_wprost/118_profile.jpg;1
/home/noname/Pulpit/8thlab/Human_prop/training_photos/Na_wprost/34847.jpg;1
/home/noname/Pulpit/8thlab/Human_prop/training_photos/Na_wprost/ellen_mata_profile1.jpg;1
/home/noname/Pulpit/8thlab/Human_prop/training_photos/Na_wprost/e27c320ab8.jpg;1
/home/noname/Pulpit/8thlab/Human_prop/training_photos/Na_wprost/d_1344.jpg;1
/home/noname/Pulpit/8thlab/Human_prop/training_photos/Na_wprost/3a5071cec0.jpg;1
/home/noname/Pulpit/8thlab/Human_prop/training_photos/Na_wprost/fryzuryokraglej.jpg;1
/home/noname/Pulpit/8thlab/Human_prop/training_photos/Na_wprost/41468_619830277_1054_n.jpg;0
/home/noname/Pulpit/8thlab/Human_prop/training_photos/Na_wprost/dsc_9394blog3.jpg;0
/home/noname/Pulpit/8thlab/Human_prop/training_photos/Na_wprost/20110122portrait.jpg;0
/home/noname/Pulpit/8thlab/Human_prop/training_photos/Na_wprost/285_VPSGIntPortrait9.jpg;1
/home/noname/Pulpit/8thlab/Human_prop/training_photos/Na_wprost/closeselfportait.jpg;0
/home/noname/Pulpit/8thlab/Human_prop/training_photos/Na_wprost/720517.jpg;1
/home/noname/Pulpit/8thlab/Human_prop/training_photos/Na_wprost/878584.jpg;1
/home/noname/Pulpit/8thlab/Human_prop/training_photos/Na_wprost/7711__768.jpg;1
/home/noname/Pulpit/8thlab/Human_prop/training_photos/Na_wprost/bernard_portet.jpg;0
/home/noname/Pulpit/8thlab/Human_prop/training_photos/Na_wprost/dmitrygudanovportet.jpg;1
/home/noname/Pulpit/8thlab/Human_prop/training_photos/Na_wprost/20070921161045_marie.jpg;1
/home/noname/Pulpit/8thlab/Human_prop/training_photos/Na_wprost/1317882234_255295598_1slaskie.jpg;1
/home/noname/Pulpit/8thlab/Human_prop/training_photos/Na_wprost/FB_profile_normal.JPG;0
/home/noname/Pulpit/8thlab/Human_prop/training_photos/Na_wprost/20120620.jpeg;1
/home/noname/Pulpit/8thlab/Human_prop/training_photos/Na_wprost/amy_profile.jpg;1
/home/noname/Pulpit/8thlab/Human_prop/training_photos/Na_wprost/2nyhiyfdrh8zbsh0qn48nl.jpg;1
/home/noname/Pulpit/8thlab/Human_prop/training_photos/Na_wprost/20110116195514_lucille portrait9.jpg;1
/home/noname/Pulpit/8thlab/Human_prop/training_photos/Na_wprost/amberleeettinge.jpg;1
/home/noname/Pulpit/8thlab/Human_prop/training_photos/Na_wprost/1172985_66109546.jpg;1
/home/noname/Pulpit/8thlab/Human_prop/training_photos/Na_wprost/74ca4.jpg;0
/home/noname/Pulpit/8thlab/Human_prop/training_photos/Na_wprost/be5e368e0008e0b74ba28e78.jpg;1
/home/noname/Pulpit/8thlab/Human_prop/training_photos/Na_wprost/Fryzur164806_L.jpg;1
/home/noname/Pulpit/8thlab/Human_prop/training_photos/Na_wprost/amazing girl.jpg;1
/home/noname/Pulpit/8thlab/Human_prop/training_photos/Na_wprost/fryzura6677.jpg;1
/home/noname/Pulpit/8thlab/Human_prop/training_photos/Na_wprost/Dziewczynamaja_full_view.jpg;1
/home/noname/Pulpit/8thlab/Human_prop/training_photos/Na_wprost/b3a14633b9.jpg;1
/home/noname/Pulpit/8thlab/Human_prop/training_photos/Na_wprost/dziadekfgjjhhj.jpg;0
/home/noname/Pulpit/8thlab/Human_prop/training_photos/Na_wprost/Users_nicolemulders_Desktop_Portet Rob van Eeden.JPG;0
/home/noname/Pulpit/8thlab/Human_prop/training_photos/Na_wprost/chris_palmer_profile_11.jpg;0
/home/noname/Pulpit/8thlab/Human_prop/training_photos/Na_wprost/3164_1.jpg;1
/home/noname/Pulpit/8thlab/Human_prop/training_photos/Na_wprost/dziewczyna 31.JPG;1
/home/noname/Pulpit/8thlab/Human_prop/training_photos/Na_wprost/3woman2.jpg;1
/home/noname/Pulpit/8thlab/Human_prop/training_photos/Na_wprost/31.jpg;1
/home/noname/Pulpit/8thlab/Human_prop/training_photos/Na_wprost/12_handsome_man_gl_10feb10_iStock_b.jpg;0
/home/noname/Pulpit/8thlab/Human_prop/training_photos/Na_wprost/4c2335deac226_p.jpg;1
/home/noname/Pulpit/8thlab/Human_prop/training_photos/Na_wprost/12561_compressed 228kbProfile.JPG;0
/home/noname/Pulpit/8thlab/Human_prop/training_photos/Na_wprost/748892_655638_havel_portet_web.jpg;0
/home/noname/Pulpit/8thlab/Human_prop/training_photos/Na_wprost/envisage1_after.jpg;1
/home/noname/Pulpit/8thlab/Human_prop/training_photos/Na_wprost/dad1.jpg;0
/home/noname/Pulpit/8thlab/Human_prop/training_photos/Na_wprost/3woman1.jpg;1
/home/noname/Pulpit/8thlab/Human_prop/training_photos/Na_wprost/dookraglejtwarzy12647.jpg;1
/home/noname/Pulpit/8thlab/Human_prop/training_photos/Na_wprost/ashleyawards.jpg;1
/home/noname/Pulpit/8thlab/Human_prop/training_photos/Na_wprost/0ba44cf561.jpeg;0
/home/noname/Pulpit/8thlab/Human_prop/training_photos/Na_wprost/csellar_profile.jpg;1
/home/noname/Pulpit/8thlab/Human_prop/training_photos/Na_wprost/0525807rep.jpg;0
/home/noname/Pulpit/8thlab/Human_prop/training_photos/Na_wprost/2779deborah500x04.jpg;1
/home/noname/Pulpit/8thlab/Human_prop/training_photos/Na_wprost/24.jpg;1
/home/noname/Pulpit/8thlab/Human_prop/training_photos/photos/kGina_Gershon_0001.jpg;1
/home/noname/Pulpit/8thlab/Human_prop/training_photos/photos/kFlavia_Pennetta_0001.jpg;1
/home/noname/Pulpit/8thlab/Human_prop/training_photos/photos/kGabrielle_Rose_0001.jpg;1
/home/noname/Pulpit/8thlab/Human_prop/training_photos/photos/kHilary_Duff_0003.jpg;1
/home/noname/Pulpit/8thlab/Human_prop/training_photos/photos/kInga_Hall_0001.jpg;1
/home/noname/Pulpit/8thlab/Human_prop/training_photos/photos/kGina_Lollobrigida_0001.jpg;1
/home/noname/Pulpit/8thlab/Human_prop/training_photos/photos/kHilary_Duff_0002.jpg;1
/home/noname/Pulpit/8thlab/Human_prop/training_photos/photos/kInfanta_Cristina_0001.jpg;1
/home/noname/Pulpit/8thlab/Human_prop/training_photos/photos/kHeidi_Klum_0001.jpg;1
/home/noname/Pulpit/8thlab/Human_prop/training_photos/photos/kHanan_Ashrawi_0002.jpg;1
/home/noname/Pulpit/8thlab/Human_prop/training_photos/photos/kHerta_Daeubler-Gmelin_0002.jpg;1
/home/noname/Pulpit/8thlab/Human_prop/training_photos/photos/kHeidi_Fleiss_0001.jpg;1
/home/noname/Pulpit/8thlab/Human_prop/training_photos/photos/kIngrid_Betancourt_0001.jpg;1
/home/noname/Pulpit/8thlab/Human_prop/training_photos/photos/kGwen_Stefani_0001.jpg;1
/home/noname/Pulpit/8thlab/Human_prop/training_photos/photos/kGianna_Angelopoulos-Daskalaki_0002.jpg;1
/home/noname/Pulpit/8thlab/Human_prop/training_photos/photos/kHeidi_Klum_0004.jpg;1
/home/noname/Pulpit/8thlab/Human_prop/training_photos/photos/kFlavia_Delaroli_0002.jpg;1
/home/noname/Pulpit/8thlab/Human_prop/training_photos/photos/kGunilla_Backman_0001.jpg;1
/home/noname/Pulpit/8thlab/Human_prop/training_photos/photos/kHestrie_Cloette_0001.jpg;1
/home/noname/Pulpit/8thlab/Human_prop/training_photos/photos/kHeidi_Fleiss_0004.jpg;1
/home/noname/Pulpit/8thlab/Human_prop/training_photos/photos/kGianna_Angelopoulos-Daskalaki_0001.jpg;1
/home/noname/Pulpit/8thlab/Human_prop/training_photos/photos/kGabriella_Bo_0001.jpg;1
/home/noname/Pulpit/8thlab/Human_prop/training_photos/photos/kHerta_Daeubler-Gmelin_0001.jpg;1
/home/noname/Pulpit/8thlab/Human_prop/training_photos/photos/kHanan_Ashrawi_0001.jpg;1
/home/noname/Pulpit/8thlab/Human_prop/training_photos/photos/kHilda_Fortune_0001.jpg;1
/home/noname/Pulpit/8thlab/Human_prop/training_photos/photos/kHeidi_Klum_0003.jpg;1
/home/noname/Pulpit/8thlab/Human_prop/training_photos/photos/kHeidi_Klum_0002.jpg;1
/home/noname/Pulpit/8thlab/Human_prop/training_photos/photos/kHilary_McKay_0001.jpg;1
/home/noname/Pulpit/8thlab/Human_prop/training_photos/photos/kFiona_Milne_0001.jpg;1
/home/noname/Pulpit/8thlab/Human_prop/training_photos/photos/kHeidi_Fleiss_0002.jpg;1
/home/noname/Pulpit/8thlab/Human_prop/training_photos/photos/kHelene_Eksterowicz_0001.jpg;1
/home/noname/Pulpit/8thlab/Human_prop/training_photos/photos/kHeidi_Fleiss_0003.jpg;1
/home/noname/Pulpit/8thlab/Human_prop/training_photos/photos/kIrene_Kahn_0001.jpg;1
/home/noname/Pulpit/8thlab/Human_prop/training_photos/photos/kHilary_Duff_0001.jpg;1
/home/noname/Pulpit/8thlab/Human_prop/training_photos/photos/kGiannina_Facio_0001.jpg;1
/home/noname/Pulpit/8thlab/Human_prop/training_photos/photos/kHana_Sadiq_0001.jpg;1
/home/noname/Pulpit/8thlab/Human_prop/training_photos/photos/kHeidi_Klum_0005.jpg;1
/home/noname/Pulpit/8thlab/Human_prop/training_photos/photos/Garry_Kasparov_0002.jpg;0
/home/noname/Pulpit/8thlab/Human_prop/training_photos/photos/kHana_Makhmalbaf_0001.jpg;1
/home/noname/Pulpit/8thlab/Human_prop/training_photos/photos/kGina_Torres_0001.jpg;1
/home/noname/Pulpit/8thlab/Human_prop/training_photos/photos/kGina_Centrello_0001.jpg;1
/home/noname/Pulpit/8thlab/Human_prop/training_photos/photos/kFlavia_Delaroli_0001.jpg;1
/home/noname/Pulpit/8thlab/Human_prop/training_photos/Images/074A13.JPG;0
/home/noname/Pulpit/8thlab/Human_prop/training_photos/Images/049A08.JPG;1
/home/noname/Pulpit/8thlab/Human_prop/training_photos/Images/072A19.JPG;1
/home/noname/Pulpit/8thlab/Human_prop/training_photos/Images/054A13.JPG;1
/home/noname/Pulpit/8thlab/Human_prop/training_photos/Images/031A00.JPG;0
/home/noname/Pulpit/8thlab/Human_prop/training_photos/Images/076A08.JPG;1
/home/noname/Pulpit/8thlab/Human_prop/training_photos/Images/051A00.JPG;0
/home/noname/Pulpit/8thlab/Human_prop/training_photos/Images/060A17.JPG;1
/home/noname/Pulpit/8thlab/Human_prop/training_photos/Images/030A16.JPG;1
/home/noname/Pulpit/8thlab/Human_prop/training_photos/Images/041A09.JPG;0
/home/noname/Pulpit/8thlab/Human_prop/training_photos/Images/049A10.JPG;1
/home/noname/Pulpit/8thlab/Human_prop/training_photos/Images/038A01.JPG;0
/home/noname/Pulpit/8thlab/Human_prop/training_photos/Images/066A06a.JPG;0
/home/noname/Pulpit/8thlab/Human_prop/training_photos/Images/005A18.JPG;1
/home/noname/Pulpit/8thlab/Human_prop/training_photos/Images/063A22.JPG;0
/home/noname/Pulpit/8thlab/Human_prop/training_photos/Images/069A09.JPG;0
/home/noname/Pulpit/8thlab/Human_prop/training_photos/Images/072A27.JPG;1
/home/noname/Pulpit/8thlab/Human_prop/training_photos/Images/025A15.JPG;1
/home/noname/Pulpit/8thlab/Human_prop/training_photos/Images/046A01.JPG;0
/home/noname/Pulpit/8thlab/Human_prop/training_photos/Images/011A07.JPG;0
/home/noname/Pulpit/8thlab/Human_prop/training_photos/Images/006A51.JPG;0
/home/noname/Pulpit/8thlab/Human_prop/training_photos/Images/082A20.JPG;0
/home/noname/Pulpit/8thlab/Human_prop/training_photos/Images/046A10.JPG;0
/home/noname/Pulpit/8thlab/Human_prop/training_photos/Images/076A11.JPG;1
/home/noname/Pulpit/8thlab/Human_prop/training_photos/Images/024A19.JPG;0
/home/noname/Pulpit/8thlab/Human_prop/training_photos/Images/002A15.JPG;1
/home/noname/Pulpit/8thlab/Human_prop/training_photos/Images/010A01.JPG;0
/home/noname/Pulpit/8thlab/Human_prop/training_photos/Images/040A16.JPG;0
/home/noname/Pulpit/8thlab/Human_prop/training_photos/Images/037A01.JPG;0
/home/noname/Pulpit/8thlab/Human_prop/training_photos/Images/027A41.JPG;1
/home/noname/Pulpit/8thlab/Human_prop/training_photos/Images/045A40.JPG;0
/home/noname/Pulpit/8thlab/Human_prop/training_photos/Images/070A05.JPG;0
/home/noname/Pulpit/8thlab/Human_prop/training_photos/Images/034A16.JPG;0
/home/noname/Pulpit/8thlab/Human_prop/training_photos/Images/040A19.JPG;0
/home/noname/Pulpit/8thlab/Human_prop/training_photos/Images/036A08.JPG;0
/home/noname/Pulpit/8thlab/Human_prop/training_photos/Images/065A06b.JPG;0
/home/noname/Pulpit/8thlab/Human_prop/training_photos/Images/053A04.JPG;0
/home/noname/Pulpit/8thlab/Human_prop/training_photos/Images/026A15.JPG;0
/home/noname/Pulpit/8thlab/Human_prop/training_photos/Images/071A40.JPG;0
/home/noname/Pulpit/8thlab/Human_prop/training_photos/Images/059A06.JPG;1
/home/noname/Pulpit/8thlab/Human_prop/training_photos/Images/018A25.JPG;1
/home/noname/Pulpit/8thlab/Human_prop/training_photos/Images/020A30.JPG;1
/home/noname/Pulpit/8thlab/Human_prop/training_photos/Images/025A03.JPG;0
/home/noname/Pulpit/8thlab/Human_prop/training_photos/Images/044A03.JPG;0
/home/noname/Pulpit/8thlab/Human_prop/training_photos/Images/077A15.JPG;1
/home/noname/Pulpit/8thlab/Human_prop/training_photos/Images/003A60.JPG;0
/home/noname/Pulpit/8thlab/Human_prop/training_photos/Images/036A19.JPG;0
/home/noname/Pulpit/8thlab/Human_prop/training_photos/Images/056A10.JPG;0
/home/noname/Pulpit/8thlab/Human_prop/training_photos/Images/008A33.JPG;1
/home/noname/Pulpit/8thlab/Human_prop/training_photos/Images/040A06.JPG;0
/home/noname/Pulpit/8thlab/Human_prop/training_photos/Images/077A02.JPG;0
/home/noname/Pulpit/8thlab/Human_prop/training_photos/Images/073A05.JPG;1
/home/noname/Pulpit/8thlab/Human_prop/training_photos/Images/048A46.JPG;0
/home/noname/Pulpit/8thlab/Human_prop/training_photos/Images/009A14.jpg;1
/home/noname/Pulpit/8thlab/Human_prop/training_photos/Images/074A02.JPG;0
/home/noname/Pulpit/8thlab/Human_prop/training_photos/Images/035A23b.JPG;0
/home/noname/Pulpit/8thlab/Human_prop/training_photos/Images/080A01.JPG;0
/home/noname/Pulpit/8thlab/Human_prop/training_photos/Images/079A05.JPG;0
/home/noname/Pulpit/8thlab/Human_prop/training_photos/Images/076A10.JPG;1
/home/noname/Pulpit/8thlab/Human_prop/training_photos/Images/029A01.JPG;0
/home/noname/Pulpit/8thlab/Human_prop/training_photos/Images/044A13.JPG;0
/home/noname/Pulpit/8thlab/Human_prop/training_photos/Images/054A06.JPG;1
/home/noname/Pulpit/8thlab/Human_prop/training_photos/Images/054A16.JPG;1
/home/noname/Pulpit/8thlab/Human_prop/training_photos/Images/029A04.JPG;0
/home/noname/Pulpit/8thlab/Human_prop/training_photos/Images/052A14.JPG;1
/home/noname/Pulpit/8thlab/Human_prop/training_photos/Images/047A06.JPG;1
/home/noname/Pulpit/8thlab/Human_prop/training_photos/Images/072A29.JPG;1
/home/noname/Pulpit/8thlab/Human_prop/training_photos/Images/050A22.JPG;0
/home/noname/Pulpit/8thlab/Human_prop/training_photos/Images/021A27.JPG;1
/home/noname/Pulpit/8thlab/Human_prop/training_photos/Images/009A05.jpg;1
/home/noname/Pulpit/8thlab/Human_prop/training_photos/Images/061A30.JPG;1
/home/noname/Pulpit/8thlab/Human_prop/training_photos/Images/074A06.JPG;0
/home/noname/Pulpit/8thlab/Human_prop/training_photos/Images/035A01.JPG;1
/home/noname/Pulpit/8thlab/Human_prop/training_photos/Images/021A20.JPG;1
/home/noname/Pulpit/8thlab/Human_prop/training_photos/Images/052A04.JPG;1
/home/noname/Pulpit/8thlab/Human_prop/training_photos/Images/006A55.JPG;0
/home/noname/Pulpit/8thlab/Human_prop/training_photos/Images/007A01.JPG;0
/home/noname/Pulpit/8thlab/Human_prop/training_photos/Images/080A08.JPG;1
/home/noname/Pulpit/8thlab/Human_prop/training_photos/Images/047A11.JPG;1
/home/noname/Pulpit/8thlab/Human_prop/training_photos/Images/067A28.JPG;0
/home/noname/Pulpit/8thlab/Human_prop/training_photos/Images/051A24.JPG;0
/home/noname/Pulpit/8thlab/Human_prop/training_photos/Images/027A16.JPG;1
/home/noname/Pulpit/8thlab/Human_prop/training_photos/Images/046A06.JPG;1
/home/noname/Pulpit/8thlab/Human_prop/training_photos/Images/024A07.JPG;0
/home/noname/Pulpit/8thlab/Human_prop/training_photos/Images/050A03.JPG;1
/home/noname/Pulpit/8thlab/Human_prop/training_photos/Images/039A52.JPG;1
/home/noname/Pulpit/8thlab/Human_prop/training_photos/Images/020A13.JPG;1
/home/noname/Pulpit/8thlab/Human_prop/training_photos/Images/073A09.JPG;1
/home/noname/Pulpit/8thlab/Human_prop/training_photos/Images/076A01.JPG;1
/home/noname/Pulpit/8thlab/Human_prop/training_photos/Images/062A47.JPG;1
/home/noname/Pulpit/8thlab/Human_prop/training_photos/Images/049A07.JPG;1
/home/noname/Pulpit/8thlab/Human_prop/training_photos/Images/042A00.JPG;1
/home/noname/Pulpit/8thlab/Human_prop/training_photos/Images/049A17.JPG;1
/home/noname/Pulpit/8thlab/Human_prop/training_photos/Images/035A03.JPG;0
/home/noname/Pulpit/8thlab/Human_prop/training_photos/Images/074A10.JPG;0
/home/noname/Pulpit/8thlab/Human_prop/training_photos/Images/038A11.JPG;0
/home/noname/Pulpit/8thlab/Human_prop/training_photos/Images/022A30.JPG;0
/home/noname/Pulpit/8thlab/Human_prop/training_photos/Images/041A013.JPG;0
/home/noname/Pulpit/8thlab/Human_prop/training_photos/Images/022A27.JPG;0
/home/noname/Pulpit/8thlab/Human_prop/training_photos/Images/064A03.JPG;0
/home/noname/Pulpit/8thlab/Human_prop/training_photos/Images/016A17.JPG;0
/home/noname/Pulpit/8thlab/Human_prop/training_photos/Images/071A18.JPG;0
/home/noname/Pulpit/8thlab/Human_prop/training_photos/Images/037A11.JPG;0
/home/noname/Pulpit/8thlab/Human_prop/training_photos/Images/007A39.JPG;0
/home/noname/Pulpit/8thlab/Human_prop/training_photos/Images/053A11.JPG;0
/home/noname/Pulpit/8thlab/Human_prop/training_photos/Images/079A02.JPG;1
/home/noname/Pulpit/8thlab/Human_prop/training_photos/Images/080A07.JPG;1
/home/noname/Pulpit/8thlab/Human_prop/training_photos/Images/025A18.JPG;1
/home/noname/Pulpit/8thlab/Human_prop/training_photos/Images/027A18.JPG;1
/home/noname/Pulpit/8thlab/Human_prop/training_photos/Images/018A29.JPG;1
/home/noname/Pulpit/8thlab/Human_prop/training_photos/Images/065A08.JPG;1
/home/noname/Pulpit/8thlab/Human_prop/training_photos/Images/012A30.JPG;1
/home/noname/Pulpit/8thlab/Human_prop/training_photos/Images/035A08.JPG;0
/home/noname/Pulpit/8thlab/Human_prop/training_photos/Images/004A40.jpg;0
/home/noname/Pulpit/8thlab/Human_prop/training_photos/Images/057A00.JPG;0
/home/noname/Pulpit/8thlab/Human_prop/training_photos/Images/008A35.JPG;1
/home/noname/Pulpit/8thlab/Human_prop/training_photos/Images/025A00.JPG;0
/home/noname/Pulpit/8thlab/Human_prop/training_photos/Images/003A58.JPG;1
/home/noname/Pulpit/8thlab/Human_prop/training_photos/Images/049A12.JPG;1
/home/noname/Pulpit/8thlab/Human_prop/training_photos/Images/079A06.JPG;0
/home/noname/Pulpit/8thlab/Human_prop/training_photos/Images/032A10.JPG;0
/home/noname/Pulpit/8thlab/Human_prop/training_photos/Images/036A05.JPG;0
/home/noname/Pulpit/8thlab/Human_prop/training_photos/Images/043A03.JPG;0
/home/noname/Pulpit/8thlab/Human_prop/training_photos/Images/045A48.JPG;0
/home/noname/Pulpit/8thlab/Human_prop/training_photos/Images/021A06.JPG;1
/home/noname/Pulpit/8thlab/Human_prop/training_photos/Images/015A12.JPG;1
/home/noname/Pulpit/8thlab/Human_prop/training_photos/Images/023A16.JPG;0
/home/noname/Pulpit/8thlab/Human_prop/training_photos/Images/004A19.JPG;0
/home/noname/Pulpit/8thlab/Human_prop/training_photos/Images/003A47.JPG;0
/home/noname/Pulpit/8thlab/Human_prop/training_photos/Images/062A41.JPG;1
/home/noname/Pulpit/8thlab/Human_prop/training_photos/Images/016A16.JPG;0
/home/noname/Pulpit/8thlab/Human_prop/training_photos/Images/075A07.JPG;0
/home/noname/Pulpit/8thlab/Human_prop/training_photos/Images/046A04.JPG;0
/home/noname/Pulpit/8thlab/Human_prop/training_photos/Images/009A22a.JPG;1
/home/noname/Pulpit/8thlab/Human_prop/training_photos/Images/065A10.JPG;1
/home/noname/Pulpit/8thlab/Human_prop/training_photos/Images/034A30.JPG;1
/home/noname/Pulpit/8thlab/Human_prop/training_photos/Images/013A00.JPG;0
/home/noname/Pulpit/8thlab/Human_prop/training_photos/Images/033A18.JPG;0
/home/noname/Pulpit/8thlab/Human_prop/training_photos/Images/011A14.JPG;0
/home/noname/Pulpit/8thlab/Human_prop/training_photos/Images/021A11.JPG;0
/home/noname/Pulpit/8thlab/Human_prop/training_photos/Images/074A11.JPG;0
/home/noname/Pulpit/8thlab/Human_prop/training_photos/Images/076A07.JPG;1
/home/noname/Pulpit/8thlab/Human_prop/training_photos/Images/048A50.JPG;0
/home/noname/Pulpit/8thlab/Human_prop/training_photos/Images/028A18.JPG;0
/home/noname/Pulpit/8thlab/Human_prop/training_photos/Images/017A42.JPG;0
/home/noname/Pulpit/8thlab/Human_prop/training_photos/Images/071A24.JPG;0
/home/noname/Pulpit/8thlab/Human_prop/training_photos/Images/066A02a.JPG;0
/home/noname/Pulpit/8thlab/Human_prop/training_photos/Images/046A18.JPG;0
/home/noname/Pulpit/8thlab/Human_prop/training_photos/Images/029A33.JPG;0
/home/noname/Pulpit/8thlab/Human_prop/training_photos/Images/019A03.JPG;0
/home/noname/Pulpit/8thlab/Human_prop/training_photos/Images/035A18.JPG;0
/home/noname/Pulpit/8thlab/Human_prop/training_photos/Images/001A10.JPG;0
/home/noname/Pulpit/8thlab/Human_prop/training_photos/Images/008A08.JPG;1
/home/noname/Pulpit/8thlab/Human_prop/training_photos/Images/051A05.JPG;0
/home/noname/Pulpit/8thlab/Human_prop/training_photos/Images/047A27.JPG;0
/home/noname/Pulpit/8thlab/Human_prop/training_photos/Images/033A05.JPG;0
/home/noname/Pulpit/8thlab/Human_prop/training_photos/Images/020A20.JPG;0
/home/noname/Pulpit/8thlab/Human_prop/training_photos/Images/022A28.JPG;0
/home/noname/Pulpit/8thlab/Human_prop/training_photos/Images/012A14.JPG;1
/home/noname/Pulpit/8thlab/Human_prop/training_photos/Images/050A10.JPG;0
/home/noname/Pulpit/8thlab/Human_prop/training_photos/Images/024A28.JPG;0
/home/noname/Pulpit/8thlab/Human_prop/training_photos/Images/065A13.JPG;1
/home/noname/Pulpit/8thlab/Human_prop/training_photos/Images/009A09.JPG;1
/home/noname/Pulpit/8thlab/Human_prop/training_photos/Images/025A22.JPG;1
/home/noname/Pulpit/8thlab/Human_prop/training_photos/Images/081A12.JPG;0
/home/noname/Pulpit/8thlab/Human_prop/training_photos/Images/008A21.JPG;1
/home/noname/Pulpit/8thlab/Human_prop/training_photos/Images/051A14.JPG;0
/home/noname/Pulpit/8thlab/Human_prop/training_photos/Images/040A21.JPG;0
/home/noname/Pulpit/8thlab/Human_prop/training_photos/Images/067A04.JPG;0
/home/noname/Pulpit/8thlab/Human_prop/training_photos/Images/073A12.JPG;1
/home/noname/Pulpit/8thlab/Human_prop/training_photos/Images/057A12.JPG;0
/home/noname/Pulpit/8thlab/Human_prop/training_photos/Images/064A04.JPG;0
/home/noname/Pulpit/8thlab/Human_prop/training_photos/Images/074A00.JPG;0
/home/noname/Pulpit/8thlab/Human_prop/training_photos/Images/012A24.JPG;0
/home/noname/Pulpit/8thlab/Human_prop/training_photos/Images/045A03.JPG;0
/home/noname/Pulpit/8thlab/Human_prop/training_photos/Images/039A45.JPG;1
/home/noname/Pulpit/8thlab/Human_prop/training_photos/Images/077A08.JPG;1
/home/noname/Pulpit/8thlab/Human_prop/training_photos/Images/017A36.JPG;0
/home/noname/Pulpit/8thlab/Human_prop/training_photos/Images/080A05.JPG;0
/home/noname/Pulpit/8thlab/Human_prop/training_photos/Images/066A02b.JPG;0
/home/noname/Pulpit/8thlab/Human_prop/training_photos/Images/041A02.JPG;0
/home/noname/Pulpit/8thlab/Human_prop/training_photos/Images/013A08.JPG;0
/home/noname/Pulpit/8thlab/Human_prop/training_photos/Images/012A12.JPG;1
/home/noname/Pulpit/8thlab/Human_prop/training_photos/Images/067A30.JPG;1
/home/noname/Pulpit/8thlab/Human_prop/training_photos/Images/077A13.JPG;0
/home/noname/Pulpit/8thlab/Human_prop/training_photos/Images/024A18.JPG;0
/home/noname/Pulpit/8thlab/Human_prop/training_photos/Images/035A00.JPG;0
/home/noname/Pulpit/8thlab/Human_prop/training_photos/Images/021A35.JPG;1
/home/noname/Pulpit/8thlab/Human_prop/training_photos/Images/042A08.JPG;0
/home/noname/Pulpit/8thlab/Human_prop/training_photos/Images/059A07.JPG;0
/home/noname/Pulpit/8thlab/Human_prop/training_photos/Images/048A17.JPG;0
/home/noname/Pulpit/8thlab/Human_prop/training_photos/Images/014A18.JPG;1
/home/noname/Pulpit/8thlab/Human_prop/training_photos/Images/047A05.JPG;1
/home/noname/Pulpit/8thlab/Human_prop/training_photos/Images/046A12.JPG;0
/home/noname/Pulpit/8thlab/Human_prop/training_photos/Images/040A03a.JPG;0
/home/noname/Pulpit/8thlab/Human_prop/training_photos/Images/002A20.JPG;1
/home/noname/Pulpit/8thlab/Human_prop/training_photos/Images/013A34.JPG;0
/home/noname/Pulpit/8thlab/Human_prop/training_photos/Images/001A14.JPG;0
/home/noname/Pulpit/8thlab/Human_prop/training_photos/Images/034A39.JPG;1
/home/noname/Pulpit/8thlab/Human_prop/training_photos/Images/035A21.JPG;0
/home/noname/Pulpit/8thlab/Human_prop/training_photos/Images/031A02.JPG;0
/home/noname/Pulpit/8thlab/Human_prop/training_photos/Images/002A38.JPG;1
/home/noname/Pulpit/8thlab/Human_prop/training_photos/Images/038A10.JPG;0
/home/noname/Pulpit/8thlab/Human_prop/training_photos/Images/041A21.JPG;0
/home/noname/Pulpit/8thlab/Human_prop/training_photos/Images/027A11.JPG;1
/home/noname/Pulpit/8thlab/Human_prop/training_photos/Images/005A31.JPG;1
/home/noname/Pulpit/8thlab/Human_prop/training_photos/Images/009A13.JPG;1
/home/noname/Pulpit/8thlab/Human_prop/training_photos/Images/038A13.JPG;0
/home/noname/Pulpit/8thlab/Human_prop/training_photos/Images/080A13.JPG;0
/home/noname/Pulpit/8thlab/Human_prop/training_photos/Images/011A17.JPG;0
/home/noname/Pulpit/8thlab/Human_prop/training_photos/Images/075A02.JPG;0
/home/noname/Pulpit/8thlab/Human_prop/training_photos/Images/005A61.JPG;1
/home/noname/Pulpit/8thlab/Human_prop/training_photos/Images/055A14.JPG;0
/home/noname/Pulpit/8thlab/Human_prop/training_photos/Images/053A02.JPG;0
/home/noname/Pulpit/8thlab/Human_prop/training_photos/Images/006A46.JPG;0
/home/noname/Pulpit/8thlab/Human_prop/training_photos/Images/015A09.JPG;1
/home/noname/Pulpit/8thlab/Human_prop/training_photos/Images/035A16.JPG;0
/home/noname/Pulpit/8thlab/Human_prop/training_photos/Images/039A19.JPG;1
/home/noname/Pulpit/8thlab/Human_prop/training_photos/Images/023A29.JPG;0
/home/noname/Pulpit/8thlab/Human_prop/training_photos/Images/020A08.JPG;1
/home/noname/Pulpit/8thlab/Human_prop/training_photos/Images/016A05.JPG;0
/home/noname/Pulpit/8thlab/Human_prop/training_photos/Images/058A10.JPG;0
/home/noname/Pulpit/8thlab/Human_prop/training_photos/Images/039A17.JPG;1
/home/noname/Pulpit/8thlab/Human_prop/training_photos/Images/019A23.JPG;0
/home/noname/Pulpit/8thlab/Human_prop/training_photos/Images/073A16.JPG;1
/home/noname/Pulpit/8thlab/Human_prop/training_photos/Images/006A42.JPG;0
/home/noname/Pulpit/8thlab/Human_prop/training_photos/Images/075A01.JPG;0
/home/noname/Pulpit/8thlab/Human_prop/training_photos/Images/023A07.JPG;0
/home/noname/Pulpit/8thlab/Human_prop/training_photos/Images/015A07.JPG;1
/home/noname/Pulpit/8thlab/Human_prop/training_photos/Images/081A03.JPG;0
/home/noname/Pulpit/8thlab/Human_prop/training_photos/Images/050A16.JPG;0
/home/noname/Pulpit/8thlab/Human_prop/training_photos/Images/080A10.JPG;0
/home/noname/Pulpit/8thlab/Human_prop/training_photos/Images/065A07a.JPG;1
/home/noname/Pulpit/8thlab/Human_prop/training_photos/Images/052A07.JPG;1
/home/noname/Pulpit/8thlab/Human_prop/training_photos/Images/077A03.JPG;0
/home/noname/Pulpit/8thlab/Human_prop/training_photos/Images/057A05.JPG;0
/home/noname/Pulpit/8thlab/Human_prop/training_photos/Images/064A19.JPG;0
/home/noname/Pulpit/8thlab/Human_prop/training_photos/Images/008A13.JPG;1
/home/noname/Pulpit/8thlab/Human_prop/training_photos/Images/072A14.JPG;1
/home/noname/Pulpit/8thlab/Human_prop/training_photos/Images/027A36.JPG;1
/home/noname/Pulpit/8thlab/Human_prop/training_photos/Images/014A12.JPG;1
/home/noname/Pulpit/8thlab/Human_prop/training_photos/Images/038A05.JPG;0
/home/noname/Pulpit/8thlab/Human_prop/training_photos/Images/013A21.JPG;0
/home/noname/Pulpit/8thlab/Human_prop/training_photos/Images/010A15.JPG;1
/home/noname/Pulpit/8thlab/Human_prop/training_photos/Images/002A23.JPG;1
/home/noname/Pulpit/8thlab/Human_prop/training_photos/Images/068A11.JPG;0
/home/noname/Pulpit/8thlab/Human_prop/training_photos/Images/002A12.JPG;1
/home/noname/Pulpit/8thlab/Human_prop/training_photos/Images/039A15.JPG;1
/home/noname/Pulpit/8thlab/Human_prop/training_photos/Images/043A15.JPG;0
/home/noname/Pulpit/8thlab/Human_prop/training_photos/Images/009A11.jpg;1
/home/noname/Pulpit/8thlab/Human_prop/training_photos/Images/069A07.JPG;0
/home/noname/Pulpit/8thlab/Human_prop/training_photos/Images/073A04.JPG;1
/home/noname/Pulpit/8thlab/Human_prop/training_photos/Images/079A11.JPG;0
/home/noname/Pulpit/8thlab/Human_prop/training_photos/Images/001A18.JPG;0
/home/noname/Pulpit/8thlab/Human_prop/training_photos/Images/066A08.JPG;0
/home/noname/Pulpit/8thlab/Human_prop/training_photos/Images/042A05.JPG;0
/home/noname/Pulpit/8thlab/Human_prop/training_photos/Images/010A09.jpg;0
/home/noname/Pulpit/8thlab/Human_prop/training_photos/Images/026A04.JPG;0
/home/noname/Pulpit/8thlab/Human_prop/training_photos/Images/065A04.JPG;1
/home/noname/Pulpit/8thlab/Human_prop/training_photos/Images/055A04.JPG;0
/home/noname/Pulpit/8thlab/Human_prop/training_photos/Images/031A11.JPG;0
/home/noname/Pulpit/8thlab/Human_prop/training_photos/Images/051A15.JPG;0
/home/noname/Pulpit/8thlab/Human_prop/training_photos/Images/077A11.JPG;1
/home/noname/Pulpit/8thlab/Human_prop/training_photos/Images/017A26.JPG;0
/home/noname/Pulpit/8thlab/Human_prop/training_photos/Images/062A45.JPG;1
/home/noname/Pulpit/8thlab/Human_prop/training_photos/Images/035A07.JPG;0
/home/noname/Pulpit/8thlab/Human_prop/training_photos/Images/047A09.JPG;1
/home/noname/Pulpit/8thlab/Human_prop/training_photos/Images/009A16b.jpg;1
/home/noname/Pulpit/8thlab/Human_prop/training_photos/Images/078A12.JPG;0
/home/noname/Pulpit/8thlab/Human_prop/training_photos/Images/080A12.JPG;0
/home/noname/Pulpit/8thlab/Human_prop/training_photos/Images/068A09.JPG;0
/home/noname/Pulpit/8thlab/Human_prop/training_photos/Images/059A12.JPG;0
/home/noname/Pulpit/8thlab/Human_prop/training_photos/Images/042A18.JPG;0
/home/noname/Pulpit/8thlab/Human_prop/training_photos/Images/036A06.JPG;0
/home/noname/Pulpit/8thlab/Human_prop/training_photos/Images/042A28.JPG;0
/home/noname/Pulpit/8thlab/Human_prop/training_photos/Images/062A35.JPG;1
/home/noname/Pulpit/8thlab/Human_prop/training_photos/Images/019A00.JPG;0
/home/noname/Pulpit/8thlab/Human_prop/training_photos/Images/029A22.JPG;0
/home/noname/Pulpit/8thlab/Human_prop/training_photos/Images/031A19.JPG;0
/home/noname/Pulpit/8thlab/Human_prop/training_photos/Images/018A11.JPG;1
/home/noname/Pulpit/8thlab/Human_prop/training_photos/Images/027A13.JPG;1
/home/noname/Pulpit/8thlab/Human_prop/training_photos/Images/081A11.JPG;0
/home/noname/Pulpit/8thlab/Human_prop/training_photos/Images/026A02.JPG;0
/home/noname/Pulpit/8thlab/Human_prop/training_photos/Images/037A17.JPG;0
/home/noname/Pulpit/8thlab/Human_prop/training_photos/Images/047A18.JPG;1
/home/noname/Pulpit/8thlab/Human_prop/training_photos/Images/026A11.JPG;1
/home/noname/Pulpit/8thlab/Human_prop/training_photos/Images/038A03.JPG;0
/home/noname/Pulpit/8thlab/Human_prop/training_photos/Images/002A16.JPG;1
/home/noname/Pulpit/8thlab/Human_prop/training_photos/Images/035A09.JPG;0
/home/noname/Pulpit/8thlab/Human_prop/training_photos/Images/071A35.JPG;0
/home/noname/Pulpit/8thlab/Human_prop/training_photos/Images/048A18.JPG;0
/home/noname/Pulpit/8thlab/Human_prop/training_photos/Images/007A22.JPG;0
/home/noname/Pulpit/8thlab/Human_prop/training_photos/Images/038A04.JPG;0
/home/noname/Pulpit/8thlab/Human_prop/training_photos/Images/001A43b.JPG;0
/home/noname/Pulpit/8thlab/Human_prop/training_photos/Images/080A04.JPG;0
/home/noname/Pulpit/8thlab/Human_prop/training_photos/Images/072A11.JPG;1
/home/noname/Pulpit/8thlab/Human_prop/training_photos/Images/035A23a.JPG;0
/home/noname/Pulpit/8thlab/Human_prop/training_photos/Images/078A10.JPG;0
/home/noname/Pulpit/8thlab/Human_prop/training_photos/Images/055A08.JPG;0
/home/noname/Pulpit/8thlab/Human_prop/training_photos/Images/039A13.JPG;1
/home/noname/Pulpit/8thlab/Human_prop/training_photos/Images/059A16.JPG;1
/home/noname/Pulpit/8thlab/Human_prop/training_photos/Images/019A05.JPG;0
/home/noname/Pulpit/8thlab/Human_prop/training_photos/Images/032A40.JPG;1
/home/noname/Pulpit/8thlab/Human_prop/training_photos/Images/027A25.JPG;1
/home/noname/Pulpit/8thlab/Human_prop/training_photos/Images/051A02.JPG;0
/home/noname/Pulpit/8thlab/Human_prop/training_photos/Images/008A31.JPG;1
/home/noname/Pulpit/8thlab/Human_prop/training_photos/Images/001a02.JPG;0
/home/noname/Pulpit/8thlab/Human_prop/training_photos/Images/053A13.JPG;0
/home/noname/Pulpit/8thlab/Human_prop/training_photos/Images/043A00.JPG;1
/home/noname/Pulpit/8thlab/Human_prop/training_photos/Images/015A14.JPG;1
/home/noname/Pulpit/8thlab/Human_prop/training_photos/Images/039A50.JPG;1
/home/noname/Pulpit/8thlab/Human_prop/training_photos/Images/047A33.JPG;1
/home/noname/Pulpit/8thlab/Human_prop/training_photos/Images/004A26.JPG;0
/home/noname/Pulpit/8thlab/Human_prop/training_photos/Images/059A14.JPG;1
/home/noname/Pulpit/8thlab/Human_prop/training_photos/Images/015A19.JPG;1
/home/noname/Pulpit/8thlab/Human_prop/training_photos/Images/034A15.JPG;0
/home/noname/Pulpit/8thlab/Human_prop/training_photos/Images/064A10.JPG;0
/home/noname/Pulpit/8thlab/Human_prop/training_photos/Images/039A10.JPG;1
/home/noname/Pulpit/8thlab/Human_prop/training_photos/Images/007A18.JPG;0
/home/noname/Pulpit/8thlab/Human_prop/training_photos/Images/038A14.JPG;0
/home/noname/Pulpit/8thlab/Human_prop/training_photos/Images/037A06.JPG;0
/home/noname/Pulpit/8thlab/Human_prop/training_photos/Images/056A02.JPG;0
/home/noname/Pulpit/8thlab/Human_prop/training_photos/Images/063A33.JPG;0
/home/noname/Pulpit/8thlab/Human_prop/training_photos/Images/030A04.JPG;1
/home/noname/Pulpit/8thlab/Human_prop/training_photos/Images/020A36.JPG;0
/home/noname/Pulpit/8thlab/Human_prop/training_photos/Images/053A01.JPG;0
/home/noname/Pulpit/8thlab/Human_prop/training_photos/Images/068A13.JPG;0
/home/noname/Pulpit/8thlab/Human_prop/training_photos/Images/005A52.JPG;1
/home/noname/Pulpit/8thlab/Human_prop/training_photos/Images/038A08.JPG;0
/home/noname/Pulpit/8thlab/Human_prop/training_photos/Images/069A06.JPG;0
/home/noname/Pulpit/8thlab/Human_prop/training_photos/Images/006A31.JPG;0
/home/noname/Pulpit/8thlab/Human_prop/training_photos/Images/069A03.JPG;0
/home/noname/Pulpit/8thlab/Human_prop/training_photos/Images/054A19.JPG;0
/home/noname/Pulpit/8thlab/Human_prop/training_photos/Images/031A16.JPG;0
/home/noname/Pulpit/8thlab/Human_prop/training_photos/Images/047A55.JPG;1
/home/noname/Pulpit/8thlab/Human_prop/training_photos/Images/074A15.JPG;0
/home/noname/Pulpit/8thlab/Human_prop/training_photos/Images/025A39.JPG;1
/home/noname/Pulpit/8thlab/Human_prop/training_photos/Images/077A12.JPG;1
/home/noname/Pulpit/8thlab/Human_prop/training_photos/Images/006A28.JPG;0
/home/noname/Pulpit/8thlab/Human_prop/training_photos/Images/065A11.JPG;1
/home/noname/Pulpit/8thlab/Human_prop/training_photos/Images/081A10.JPG;0
/home/noname/Pulpit/8thlab/Human_prop/training_photos/Images/013A44.JPG;0
/home/noname/Pulpit/8thlab/Human_prop/training_photos/Images/028A46.JPG;0
/home/noname/Pulpit/8thlab/Human_prop/training_photos/Images/075A00.JPG;1
/home/noname/Pulpit/8thlab/Human_prop/training_photos/Images/073A07.JPG;1
/home/noname/Pulpit/8thlab/Human_prop/training_photos/Images/005A49.JPG;1
/home/noname/Pulpit/8thlab/Human_prop/training_photos/Images/078A13.JPG;1
/home/noname/Pulpit/8thlab/Human_prop/training_photos/Images/045A17.JPG;0
/home/noname/Pulpit/8thlab/Human_prop/training_photos/Images/052A19.JPG;1
/home/noname/Pulpit/8thlab/Human_prop/training_photos/Images/014A14.JPG;1
/home/noname/Pulpit/8thlab/Human_prop/training_photos/Images/043A05.JPG;0
/home/noname/Pulpit/8thlab/Human_prop/training_photos/Images/010A06.JPG;1
/home/noname/Pulpit/8thlab/Human_prop/training_photos/Images/013A41.JPG;0
/home/noname/Pulpit/8thlab/Human_prop/training_photos/Images/076A14.JPG;1
/home/noname/Pulpit/8thlab/Human_prop/training_photos/Images/032A20.JPG;1
/home/noname/Pulpit/8thlab/Human_prop/training_photos/Images/077A14.JPG;1
/home/noname/Pulpit/8thlab/Human_prop/training_photos/Images/079A09.JPG;0
/home/noname/Pulpit/8thlab/Human_prop/training_photos/Images/008A41.JPG;1
/home/noname/Pulpit/8thlab/Human_prop/training_photos/Images/040A14.JPG;0
/home/noname/Pulpit/8thlab/Human_prop/training_photos/Images/029A10.JPG;0
/home/noname/Pulpit/8thlab/Human_prop/training_photos/Images/032A13.JPG;1
/home/noname/Pulpit/8thlab/Human_prop/training_photos/Images/020A18.JPG;1
/home/noname/Pulpit/8thlab/Human_prop/training_photos/Images/015A04.JPG;1
/home/noname/Pulpit/8thlab/Human_prop/training_photos/Images/037A19.JPG;1
/home/noname/Pulpit/8thlab/Human_prop/training_photos/Images/072A34.JPG;1
/home/noname/Pulpit/8thlab/Human_prop/training_photos/Images/026A06.JPG;0
/home/noname/Pulpit/8thlab/Human_prop/training_photos/Images/001A05.JPG;0
/home/noname/Pulpit/8thlab/Human_prop/training_photos/Images/075A11.JPG;0
/home/noname/Pulpit/8thlab/Human_prop/training_photos/Images/019A07.JPG;0
/home/noname/Pulpit/8thlab/Human_prop/training_photos/Images/075A10.JPG;0
/home/noname/Pulpit/8thlab/Human_prop/training_photos/Images/081A06.JPG;0
/home/noname/Pulpit/8thlab/Human_prop/training_photos/Images/012A36.JPG;1
/home/noname/Pulpit/8thlab/Human_prop/training_photos/Images/046A08.JPG;0
/home/noname/Pulpit/8thlab/Human_prop/training_photos/Images/067A23.JPG;1
/home/noname/Pulpit/8thlab/Human_prop/training_photos/Images/016A03.JPG;1
/home/noname/Pulpit/8thlab/Human_prop/training_photos/Images/014A22.JPG;1
/home/noname/Pulpit/8thlab/Human_prop/training_photos/Images/064A15.JPG;0
/home/noname/Pulpit/8thlab/Human_prop/training_photos/Images/046A16.JPG;0
/home/noname/Pulpit/8thlab/Human_prop/training_photos/Images/044A25.JPG;0
/home/noname/Pulpit/8thlab/Human_prop/training_photos/Images/059A02b.JPG;0
/home/noname/Pulpit/8thlab/Human_prop/training_photos/Images/002A21.JPG;0
/home/noname/Pulpit/8thlab/Human_prop/training_photos/Images/070A07.JPG;0
/home/noname/Pulpit/8thlab/Human_prop/training_photos/Images/047A13.JPG;1
/home/noname/Pulpit/8thlab/Human_prop/training_photos/Images/078A01.JPG;0
/home/noname/Pulpit/8thlab/Human_prop/training_photos/Images/043A13.JPG;1
/home/noname/Pulpit/8thlab/Human_prop/training_photos/Images/019A27.JPG;0
/home/noname/Pulpit/8thlab/Human_prop/training_photos/Images/082A31.JPG;0
/home/noname/Pulpit/8thlab/Human_prop/training_photos/Images/022A23.JPG;0
/home/noname/Pulpit/8thlab/Human_prop/training_photos/Images/024A17.JPG;0
/home/noname/Pulpit/8thlab/Human_prop/training_photos/Images/031A07.JPG;0
/home/noname/Pulpit/8thlab/Human_prop/training_photos/Images/044A01.JPG;0
/home/noname/Pulpit/8thlab/Human_prop/training_photos/Images/029A05.JPG;0
/home/noname/Pulpit/8thlab/Human_prop/training_photos/Images/074A14.JPG;0
/home/noname/Pulpit/8thlab/Human_prop/training_photos/Images/056A15.JPG;0
/home/noname/Pulpit/8thlab/Human_prop/training_photos/Images/043A17.JPG;1
/home/noname/Pulpit/8thlab/Human_prop/training_photos/Images/073A00.JPG;1
/home/noname/Pulpit/8thlab/Human_prop/training_photos/Images/032A24.JPG;1
/home/noname/Pulpit/8thlab/Human_prop/training_photos/Images/073A08.JPG;1
/home/noname/Pulpit/8thlab/Human_prop/training_photos/Images/079A12.JPG;0
/home/noname/Pulpit/8thlab/Human_prop/training_photos/Images/044A18.JPG;0
/home/noname/Pulpit/8thlab/Human_prop/training_photos/Images/062A18.JPG;1
/home/noname/Pulpit/8thlab/Human_prop/training_photos/Images/042A24.JPG;0
/home/noname/Pulpit/8thlab/Human_prop/training_photos/Images/006A40.JPG;0
/home/noname/Pulpit/8thlab/Human_prop/training_photos/Images/003A49.JPG;0
/home/noname/Pulpit/8thlab/Human_prop/training_photos/Images/045A12.JPG;0
/home/noname/Pulpit/8thlab/Human_prop/training_photos/Images/062A53.JPG;1
/home/noname/Pulpit/8thlab/Human_prop/training_photos/Images/077A00.JPG;0
/home/noname/Pulpit/8thlab/Human_prop/training_photos/Images/048A30.JPG;0
/home/noname/Pulpit/8thlab/Human_prop/training_photos/Images/071A00.JPG;0
/home/noname/Pulpit/8thlab/Human_prop/training_photos/Images/001A08.JPG;0
/home/noname/Pulpit/8thlab/Human_prop/training_photos/Images/043A19.JPG;1
/home/noname/Pulpit/8thlab/Human_prop/training_photos/Images/076A03.JPG;1
/home/noname/Pulpit/8thlab/Human_prop/training_photos/Images/024A10.JPG;0
/home/noname/Pulpit/8thlab/Human_prop/training_photos/Images/060A04.JPG;1
/home/noname/Pulpit/8thlab/Human_prop/training_photos/Images/014A36.JPG;1
/home/noname/Pulpit/8thlab/Human_prop/training_photos/Images/066A04.JPG;0
/home/noname/Pulpit/8thlab/Human_prop/training_photos/Images/023A21.JPG;0
/home/noname/Pulpit/8thlab/Human_prop/training_photos/Images/054A02.JPG;1
/home/noname/Pulpit/8thlab/Human_prop/training_photos/Images/069A11.JPG;0
/home/noname/Pulpit/8thlab/Human_prop/training_photos/Images/033A10.JPG;0
/home/noname/Pulpit/8thlab/Human_prop/training_photos/Images/056A03.JPG;0
/home/noname/Pulpit/8thlab/Human_prop/training_photos/Images/061A19.JPG;1
/home/noname/Pulpit/8thlab/Human_prop/training_photos/Images/082A25.JPG;0
/home/noname/Pulpit/8thlab/Human_prop/training_photos/Images/059A03.JPG;1
/home/noname/Pulpit/8thlab/Human_prop/training_photos/Images/011A40.JPG;0
/home/noname/Pulpit/8thlab/Human_prop/training_photos/Images/060A11.JPG;1
/home/noname/Pulpit/8thlab/Human_prop/training_photos/Images/010A16.JPG;1
/home/noname/Pulpit/8thlab/Human_prop/training_photos/Images/025A07.JPG;1
/home/noname/Pulpit/8thlab/Human_prop/training_photos/Images/053A08.JPG;0
/home/noname/Pulpit/8thlab/Human_prop/training_photos/Images/078A09.JPG;0
/home/noname/Pulpit/8thlab/Human_prop/training_photos/Images/010A18.JPG;1
/home/noname/Pulpit/8thlab/Human_prop/training_photos/Images/052A10.JPG;1
/home/noname/Pulpit/8thlab/Human_prop/training_photos/Images/058A02.JPG;0
/home/noname/Pulpit/8thlab/Human_prop/training_photos/Images/011A05.JPG;0
/home/noname/Pulpit/8thlab/Human_prop/training_photos/Images/053A03.JPG;0
/home/noname/Pulpit/8thlab/Human_prop/training_photos/Images/030A10.JPG;1
/home/noname/Pulpit/8thlab/Human_prop/training_photos/Images/024A30.JPG;0
/home/noname/Pulpit/8thlab/Human_prop/training_photos/Images/065A02a.JPG;1
/home/noname/Pulpit/8thlab/Human_prop/training_photos/Images/080A14.JPG;0
/home/noname/Pulpit/8thlab/Human_prop/training_photos/Images/029A31.JPG;0
/home/noname/Pulpit/8thlab/Human_prop/training_photos/Images/056A04.JPG;0
/home/noname/Pulpit/8thlab/Human_prop/training_photos/Images/046A14.JPG;0
/home/noname/Pulpit/8thlab/Human_prop/training_photos/Images/038A23.JPG;0
/home/noname/Pulpit/8thlab/Human_prop/training_photos/Images/081A08.JPG;0
/home/noname/Pulpit/8thlab/Human_prop/training_photos/Images/007A38.JPG;0
/home/noname/Pulpit/8thlab/Human_prop/training_photos/Images/008A30.JPG;1
/home/noname/Pulpit/8thlab/Human_prop/training_photos/Images/071A27.JPG;0
/home/noname/Pulpit/8thlab/Human_prop/training_photos/Images/005A40.JPG;1
/home/noname/Pulpit/8thlab/Human_prop/training_photos/Images/034A25.JPG;1
/home/noname/Pulpit/8thlab/Human_prop/training_photos/Images/002A18.JPG;1
/home/noname/Pulpit/8thlab/Human_prop/training_photos/Images/072A21.JPG;1
/home/noname/Pulpit/8thlab/Human_prop/training_photos/Images/022A18.JPG;0
/home/noname/Pulpit/8thlab/Human_prop/training_photos/Images/074A09.JPG;0
/home/noname/Pulpit/8thlab/Human_prop/training_photos/Images/018A16.JPG;1
/home/noname/Pulpit/8thlab/Human_prop/training_photos/Images/072A25.JPG;1
/home/noname/Pulpit/8thlab/Human_prop/training_photos/Images/042A12.JPG;0
/home/noname/Pulpit/8thlab/Human_prop/training_photos/Images/036A13.JPG;0
/home/noname/Pulpit/8thlab/Human_prop/training_photos/Images/040A03b.JPG;0
/home/noname/Pulpit/8thlab/Human_prop/training_photos/Images/069A05.JPG;0
/home/noname/Pulpit/8thlab/Human_prop/training_photos/Images/023A00.JPG;0
/home/noname/Pulpit/8thlab/Human_prop/training_photos/Images/001A33.JPG;0
/home/noname/Pulpit/8thlab/Human_prop/training_photos/Images/078A05.JPG;0
/home/noname/Pulpit/8thlab/Human_prop/training_photos/Images/076A12.JPG;1
/home/noname/Pulpit/8thlab/Human_prop/training_photos/Images/004A51.JPG;0
/home/noname/Pulpit/8thlab/Human_prop/training_photos/Images/005A35.JPG;1
/home/noname/Pulpit/8thlab/Human_prop/training_photos/Images/056A06.JPG;0
/home/noname/Pulpit/8thlab/Human_prop/training_photos/Images/058A05.JPG;0
/home/noname/Pulpit/8thlab/Human_prop/training_photos/Images/025A28.JPG;0
/home/noname/Pulpit/8thlab/Human_prop/training_photos/Images/069A04.JPG;0
/home/noname/Pulpit/8thlab/Human_prop/training_photos/Images/070A12.JPG;0
/home/noname/Pulpit/8thlab/Human_prop/training_photos/Images/021A30.JPG;1
/home/noname/Pulpit/8thlab/Human_prop/training_photos/Images/010A10.jpg;0
/home/noname/Pulpit/8thlab/Human_prop/training_photos/Images/013A23.JPG;0
/home/noname/Pulpit/8thlab/Human_prop/training_photos/Images/039A05.JPG;1
/home/noname/Pulpit/8thlab/Human_prop/training_photos/Images/016A01.JPG;0
/home/noname/Pulpit/8thlab/Human_prop/training_photos/Images/023A09.JPG;0
/home/noname/Pulpit/8thlab/Human_prop/training_photos/Images/082A21.JPG;0
/home/noname/Pulpit/8thlab/Human_prop/training_photos/Images/023A22.JPG;0
/home/noname/Pulpit/8thlab/Human_prop/training_photos/Images/066A10.JPG;0
/home/noname/Pulpit/8thlab/Human_prop/training_photos/Images/074A04.JPG;0
/home/noname/Pulpit/8thlab/Human_prop/training_photos/Images/025A23.JPG;1
/home/noname/Pulpit/8thlab/Human_prop/training_photos/Images/036A11.JPG;0
/home/noname/Pulpit/8thlab/Human_prop/training_photos/Images/034A11.JPG;1
/home/noname/Pulpit/8thlab/Human_prop/training_photos/Images/015A01.JPG;1
/home/noname/Pulpit/8thlab/Human_prop/training_photos/Images/074A01.JPG;1
/home/noname/Pulpit/8thlab/Human_prop/training_photos/Images/073A13.JPG;1
/home/noname/Pulpit/8thlab/Human_prop/training_photos/Images/076A05.JPG;1
/home/noname/Pulpit/8thlab/Human_prop/training_photos/Images/063A20.JPG;0
/home/noname/Pulpit/8thlab/Human_prop/training_photos/Images/004A30.jpg;0
/home/noname/Pulpit/8thlab/Human_prop/training_photos/Images/062A03.JPG;0
/home/noname/Pulpit/8thlab/Human_prop/training_photos/Images/006A61.JPG;0
/home/noname/Pulpit/8thlab/Human_prop/training_photos/Images/067A14.JPG;1
/home/noname/Pulpit/8thlab/Human_prop/training_photos/Images/076A13.JPG;1
/home/noname/Pulpit/8thlab/Human_prop/training_photos/Images/011A30.JPG;0
/home/noname/Pulpit/8thlab/Human_prop/training_photos/Images/028A28.JPG;0
/home/noname/Pulpit/8thlab/Human_prop/training_photos/Images/071A22.JPG;0
/home/noname/Pulpit/8thlab/Human_prop/training_photos/Images/046A02.JPG;1
/home/noname/Pulpit/8thlab/Human_prop/training_photos/Images/022A07.JPG;0
/home/noname/Pulpit/8thlab/Human_prop/training_photos/Images/060A08.JPG;1
/home/noname/Pulpit/8thlab/Human_prop/training_photos/Images/069A00.JPG;0
/home/noname/Pulpit/8thlab/Human_prop/training_photos/Images/065A02b.JPG;1
/home/noname/Pulpit/8thlab/Human_prop/training_photos/Images/004A21.JPG;0
/home/noname/Pulpit/8thlab/Human_prop/training_photos/Images/001A29.JPG;0
/home/noname/Pulpit/8thlab/Human_prop/training_photos/Images/002A26.JPG;1
/home/noname/Pulpit/8thlab/Human_prop/training_photos/Images/027A20.JPG;1
/home/noname/Pulpit/8thlab/Human_prop/training_photos/Images/070A06.JPG;0
/home/noname/Pulpit/8thlab/Human_prop/training_photos/Images/001A19.JPG;0
/home/noname/Pulpit/8thlab/Human_prop/training_photos/Images/012A26.JPG;1
/home/noname/Pulpit/8thlab/Human_prop/training_photos/Images/060A12.JPG;1
/home/noname/Pulpit/8thlab/Human_prop/training_photos/Images/082A27.JPG;0
/home/noname/Pulpit/8thlab/Human_prop/training_photos/Images/053A00.JPG;0
/home/noname/Pulpit/8thlab/Human_prop/training_photos/Images/075A03.JPG;0
/home/noname/Pulpit/8thlab/Human_prop/training_photos/Images/061A32.JPG;1
/home/noname/Pulpit/8thlab/Human_prop/training_photos/Images/012A07.JPG;1
/home/noname/Pulpit/8thlab/Human_prop/training_photos/Images/042A01.JPG;0
/home/noname/Pulpit/8thlab/Human_prop/training_photos/Images/078A07.JPG;0
/home/noname/Pulpit/8thlab/Human_prop/training_photos/Images/045A06.JPG;0
/home/noname/Pulpit/8thlab/Human_prop/training_photos/Images/032A28.JPG;1
/home/noname/Pulpit/8thlab/Human_prop/training_photos/Images/079A04.JPG;0
/home/noname/Pulpit/8thlab/Human_prop/training_photos/Images/052A02.JPG;0
/home/noname/Pulpit/8thlab/Human_prop/training_photos/Images/077A04.JPG;1
/home/noname/Pulpit/8thlab/Human_prop/training_photos/Images/028A16.JPG;0
/home/noname/Pulpit/8thlab/Human_prop/training_photos/Images/079A13.JPG;0
/home/noname/Pulpit/8thlab/Human_prop/training_photos/Images/029A23.JPG;0
/home/noname/Pulpit/8thlab/Human_prop/training_photos/Images/065A03a.JPG;0
/home/noname/Pulpit/8thlab/Human_prop/training_photos/Images/074A03.JPG;0
/home/noname/Pulpit/8thlab/Human_prop/training_photos/Images/038A00.JPG;0
/home/noname/Pulpit/8thlab/Human_prop/training_photos/Images/070A08.JPG;0
/home/noname/Pulpit/8thlab/Human_prop/training_photos/Images/081A04.JPG;0
/home/noname/Pulpit/8thlab/Human_prop/training_photos/Images/041A19.JPG;0
/home/noname/Pulpit/8thlab/Human_prop/training_photos/Images/034A04.JPG;1
/home/noname/Pulpit/8thlab/Human_prop/training_photos/Images/057A06.JPG;0
/home/noname/Pulpit/8thlab/Human_prop/training_photos/Images/033A25.JPG;0
/home/noname/Pulpit/8thlab/Human_prop/training_photos/Images/001A43a.JPG;0
/home/noname/Pulpit/8thlab/Human_prop/training_photos/Images/013A18.JPG;0
/home/noname/Pulpit/8thlab/Human_prop/training_photos/Images/015A00.JPG;1
/home/noname/Pulpit/8thlab/Human_prop/training_photos/Images/001A22.JPG;0
/home/noname/Pulpit/8thlab/Human_prop/training_photos/Images/029A16.JPG;0
/home/noname/Pulpit/8thlab/Human_prop/training_photos/Images/004A48.jpg;0
/home/noname/Pulpit/8thlab/Human_prop/training_photos/Images/043A10.JPG;0
/home/noname/Pulpit/8thlab/Human_prop/training_photos/Images/082A00.JPG;0
/home/noname/Pulpit/8thlab/Human_prop/training_photos/Images/027A30.JPG;1
/home/noname/Pulpit/8thlab/Human_prop/training_photos/Images/003A35.JPG;0
/home/noname/Pulpit/8thlab/Human_prop/training_photos/Images/011A11.JPG;0
/home/noname/Pulpit/8thlab/Human_prop/training_photos/Images/063A18.JPG;0
/home/noname/Pulpit/8thlab/Human_prop/training_photos/Images/033A21.JPG;0
/home/noname/Pulpit/8thlab/Human_prop/training_photos/Images/018A36.JPG;1
/home/noname/Pulpit/8thlab/Human_prop/training_photos/Images/045A43.JPG;0
/home/noname/Pulpit/8thlab/Human_prop/training_photos/Images/082A18.JPG;0
/home/noname/Pulpit/8thlab/Human_prop/training_photos/Images/024A23.JPG;0
/home/noname/Pulpit/8thlab/Human_prop/training_photos/Images/063A00.JPG;0
/home/noname/Pulpit/8thlab/Human_prop/training_photos/Images/053A06.JPG;0
/home/noname/Pulpit/8thlab/Human_prop/training_photos/Images/081A05.JPG;0
/home/noname/Pulpit/8thlab/Human_prop/training_photos/Images/026A00.JPG;0
/home/noname/Pulpit/8thlab/Human_prop/training_photos/Images/041A20.JPG;0
/home/noname/Pulpit/8thlab/Human_prop/training_photos/Images/061A18.JPG;1
/home/noname/Pulpit/8thlab/Human_prop/training_photos/Images/027A02.JPG;0
/home/noname/Pulpit/8thlab/Human_prop/training_photos/Images/063A08.JPG;0
/home/noname/Pulpit/8thlab/Human_prop/training_photos/Images/062A16.JPG;1
/home/noname/Pulpit/8thlab/Human_prop/training_photos/Images/018A34.JPG;1
/home/noname/Pulpit/8thlab/Human_prop/training_photos/Images/061A07.JPG;1
/home/noname/Pulpit/8thlab/Human_prop/training_photos/Images/020A02.JPG;0
/home/noname/Pulpit/8thlab/Human_prop/training_photos/Images/050A00.JPG;0
/home/noname/Pulpit/8thlab/Human_prop/training_photos/Images/048A00.JPG;0
/home/noname/Pulpit/8thlab/Human_prop/training_photos/Images/015A10.JPG;0
/home/noname/Pulpit/8thlab/Human_prop/training_photos/Images/070A14.JPG;0
/home/noname/Pulpit/8thlab/Human_prop/training_photos/Images/011A42.JPG;0
/home/noname/Pulpit/8thlab/Human_prop/training_photos/Images/076A09.JPG;0
/home/noname/Pulpit/8thlab/Human_prop/training_photos/Images/058A03.JPG;0
/home/noname/Pulpit/8thlab/Human_prop/training_photos/Images/054A10.JPG;1
/home/noname/Pulpit/8thlab/Human_prop/training_photos/Images/012A04.JPG;1
/home/noname/Pulpit/8thlab/Human_prop/training_photos/Images/018A06.JPG;0
/home/noname/Pulpit/8thlab/Human_prop/training_photos/Images/081A00.JPG;0
/home/noname/Pulpit/8thlab/Human_prop/training_photos/Images/057A17.JPG;0
/home/noname/Pulpit/8thlab/Human_prop/training_photos/Images/082A16.JPG;0
/home/noname/Pulpit/8thlab/Human_prop/training_photos/Images/054A00.JPG;0
/home/noname/Pulpit/8thlab/Human_prop/training_photos/Images/030A07.JPG;1
/home/noname/Pulpit/8thlab/Human_prop/training_photos/Images/024A05.JPG;0
/home/noname/Pulpit/8thlab/Human_prop/training_photos/Images/042A14.JPG;0
/home/noname/Pulpit/8thlab/Human_prop/training_photos/Images/014A42.JPG;1
/home/noname/Pulpit/8thlab/Human_prop/training_photos/Images/031A15.JPG;0
/home/noname/Pulpit/8thlab/Human_prop/training_photos/Images/068A12.JPG;0
/home/noname/Pulpit/8thlab/Human_prop/training_photos/Images/011A34.JPG;0
/home/noname/Pulpit/8thlab/Human_prop/training_photos/Images/066A00.JPG;0
/home/noname/Pulpit/8thlab/Human_prop/training_photos/Images/027A22.JPG;1
/home/noname/Pulpit/8thlab/Human_prop/training_photos/Images/051A12.JPG;0
/home/noname/Pulpit/8thlab/Human_prop/training_photos/Images/072A41.JPG;1
/home/noname/Pulpit/8thlab/Human_prop/training_photos/Images/020A16.JPG;1
/home/noname/Pulpit/8thlab/Human_prop/training_photos/Images/079A03.JPG;0
/home/noname/Pulpit/8thlab/Human_prop/training_photos/Images/021A23.JPG;1
/home/noname/Pulpit/8thlab/Human_prop/training_photos/Images/065A06a.JPG;1
/home/noname/Pulpit/8thlab/Human_prop/training_photos/Images/034A02.JPG;0
/home/noname/Pulpit/8thlab/Human_prop/training_photos/Images/012A25.JPG;1
/home/noname/Pulpit/8thlab/Human_prop/training_photos/Images/077A10.JPG;1
/home/noname/Pulpit/8thlab/Human_prop/training_photos/Images/072A13.JPG;1
/home/noname/Pulpit/8thlab/Human_prop/training_photos/Images/063A02.JPG;0
/home/noname/Pulpit/8thlab/Human_prop/training_photos/Images/018A18.JPG;1
/home/noname/Pulpit/8thlab/Human_prop/training_photos/Images/020A26.JPG;1
/home/noname/Pulpit/8thlab/Human_prop/training_photos/Images/061A15.JPG;1
/home/noname/Pulpit/8thlab/Human_prop/training_photos/Images/054A09.JPG;1
/home/noname/Pulpit/8thlab/Human_prop/training_photos/Images/012A21.JPG;1
/home/noname/Pulpit/8thlab/Human_prop/training_photos/Images/014A30.JPG;1
/home/noname/Pulpit/8thlab/Human_prop/training_photos/Images/001A16.JPG;0
/home/noname/Pulpit/8thlab/Human_prop/training_photos/Images/055A06.JPG;0
/home/noname/Pulpit/8thlab/Human_prop/training_photos/Images/039A35.JPG;1
/home/noname/Pulpit/8thlab/Human_prop/training_photos/Images/017A32.JPG;0
/home/noname/Pulpit/8thlab/Human_prop/training_photos/Images/054A17.JPG;1
/home/noname/Pulpit/8thlab/Human_prop/training_photos/Images/022A16.JPG;0
/home/noname/Pulpit/8thlab/Human_prop/training_photos/Images/033A14.JPG;0
/home/noname/Pulpit/8thlab/Human_prop/training_photos/Images/025A34.JPG;0
/home/noname/Pulpit/8thlab/Human_prop/training_photos/Images/050A14.JPG;0
/home/noname/Pulpit/8thlab/Human_prop/training_photos/Images/052A20.JPG;1
/home/noname/Pulpit/8thlab/Human_prop/training_photos/Images/006A67.JPG;0
/home/noname/Pulpit/8thlab/Human_prop/training_photos/Images/010A04.jpg;1
/home/noname/Pulpit/8thlab/Human_prop/training_photos/Images/010A07b.JPG;1
/home/noname/Pulpit/8thlab/Human_prop/training_photos/Images/048A09.JPG;1
/home/noname/Pulpit/8thlab/Human_prop/training_photos/Images/002A05.JPG;1
/home/noname/Pulpit/8thlab/Human_prop/training_photos/Images/049A16.JPG;1
/home/noname/Pulpit/8thlab/Human_prop/training_photos/Images/080A09.JPG;0
/home/noname/Pulpit/8thlab/Human_prop/training_photos/Images/070A02.JPG;0
/home/noname/Pulpit/8thlab/Human_prop/training_photos/Images/052A18.JPG;1
/home/noname/Pulpit/8thlab/Human_prop/training_photos/Images/008A03.JPG;0
/home/noname/Pulpit/8thlab/Human_prop/training_photos/Images/080A02.JPG;0
/home/noname/Pulpit/8thlab/Human_prop/training_photos/Images/018A33.JPG;1
/home/noname/Pulpit/8thlab/Human_prop/training_photos/Images/066A07.JPG;0
/home/noname/Pulpit/8thlab/Human_prop/training_photos/Images/029A20.JPG;0
/home/noname/Pulpit/8thlab/Human_prop/training_photos/Images/045A18.JPG;0
/home/noname/Pulpit/8thlab/Human_prop/training_photos/Images/079A00.JPG;0
/home/noname/Pulpit/8thlab/Human_prop/training_photos/Images/057A25.JPG;0
/home/noname/Pulpit/8thlab/Human_prop/training_photos/Images/043A04.JPG;1
/home/noname/Pulpit/8thlab/Human_prop/training_photos/Images/036A03.JPG;0
/home/noname/Pulpit/8thlab/Human_prop/training_photos/Images/061A29.JPG;1
/home/noname/Pulpit/8thlab/Human_prop/training_photos/Images/037A00.JPG;0
/home/noname/Pulpit/8thlab/Human_prop/training_photos/Images/037A04.JPG;0
/home/noname/Pulpit/8thlab/Human_prop/training_photos/Images/012A23.JPG;1
/home/noname/Pulpit/8thlab/Human_prop/training_photos/Images/061A17.JPG;1
/home/noname/Pulpit/8thlab/Human_prop/training_photos/Images/051A17.JPG;0
/home/noname/Pulpit/8thlab/Human_prop/training_photos/Images/076A02.JPG;0
/home/noname/Pulpit/8thlab/Human_prop/training_photos/Images/022A11.JPG;0
/home/noname/Pulpit/8thlab/Human_prop/training_photos/Images/031A14.JPG;0
/home/noname/Pulpit/8thlab/Human_prop/training_photos/Images/081A02.JPG;0
/home/noname/Pulpit/8thlab/Human_prop/training_photos/Images/049A05.JPG;1
/home/noname/Pulpit/8thlab/Human_prop/training_photos/Images/061A06.JPG;1
/home/noname/Pulpit/8thlab/Human_prop/training_photos/Images/030A17.JPG;1
/home/noname/Pulpit/8thlab/Human_prop/training_photos/Images/030A23.JPG;1
/home/noname/Pulpit/8thlab/Human_prop/training_photos/Images/009A03.JPG;1
/home/noname/Pulpit/8thlab/Human_prop/training_photos/Images/005A48.JPG;1
/home/noname/Pulpit/8thlab/Human_prop/training_photos/Images/030A18.JPG;1
/home/noname/Pulpit/8thlab/Human_prop/training_photos/Images/012A32.JPG;1
/home/noname/Pulpit/8thlab/Human_prop/training_photos/Images/013A16.JPG;0
/home/noname/Pulpit/8thlab/Human_prop/training_photos/Images/067A33.JPG;1
/home/noname/Pulpit/8thlab/Human_prop/training_photos/Images/070A01.JPG;0
/home/noname/Pulpit/8thlab/Human_prop/training_photos/Images/077A09.JPG;1
/home/noname/Pulpit/8thlab/Human_prop/training_photos/Images/026A07.JPG;1
/home/noname/Pulpit/8thlab/Human_prop/training_photos/Images/016A07.JPG;0
/home/noname/Pulpit/8thlab/Human_prop/training_photos/Images/082A22.JPG;0
/home/noname/Pulpit/8thlab/Human_prop/training_photos/Images/040A07.JPG;0
/home/noname/Pulpit/8thlab/Human_prop/training_photos/Images/048A52.JPG;0
/home/noname/Pulpit/8thlab/Human_prop/training_photos/Images/015A17.JPG;1
/home/noname/Pulpit/8thlab/Human_prop/training_photos/Images/002A29.JPG;1
/home/noname/Pulpit/8thlab/Human_prop/training_photos/Images/017A12.JPG;0
/home/noname/Pulpit/8thlab/Human_prop/training_photos/Images/053A18.JPG;0
/home/noname/Pulpit/8thlab/Human_prop/training_photos/Images/060A20.JPG;1
/home/noname/Pulpit/8thlab/Human_prop/training_photos/Images/013A25.JPG;0
/home/noname/Pulpit/8thlab/Human_prop/training_photos/Images/032A35.JPG;1
/home/noname/Pulpit/8thlab/Human_prop/training_photos/Images/021A16.JPG;1
/home/noname/Pulpit/8thlab/Human_prop/training_photos/Images/063A09.JPG;1
/home/noname/Pulpit/8thlab/Human_prop/training_photos/Images/057A23.JPG;0
/home/noname/Pulpit/8thlab/Human_prop/training_photos/Images/052A16.JPG;1
/home/noname/Pulpit/8thlab/Human_prop/training_photos/Images/048A10.JPG;0
/home/noname/Pulpit/8thlab/Human_prop/training_photos/Images/076A16.JPG;1
/home/noname/Pulpit/8thlab/Human_prop/training_photos/Images/019A12.JPG;0
/home/noname/Pulpit/8thlab/Human_prop/training_photos/Images/058A13.JPG;0
/home/noname/Pulpit/8thlab/Human_prop/training_photos/Images/034A44.JPG;1
/home/noname/Pulpit/8thlab/Human_prop/training_photos/Images/077A01.JPG;1
/home/noname/Pulpit/8thlab/Human_prop/training_photos/Images/016A12.JPG;0
/home/noname/Pulpit/8thlab/Human_prop/training_photos/Images/050A18.JPG;0
/home/noname/Pulpit/8thlab/Human_prop/training_photos/Images/010A05.JPG;1
/home/noname/Pulpit/8thlab/Human_prop/training_photos/Images/029A11.JPG;0
/home/noname/Pulpit/8thlab/Human_prop/training_photos/Images/080A03.JPG;1
/home/noname/Pulpit/8thlab/Human_prop/training_photos/Images/008A18.JPG;1
/home/noname/Pulpit/8thlab/Human_prop/training_photos/Images/058A04.JPG;0
/home/noname/Pulpit/8thlab/Human_prop/training_photos/Images/035A12.JPG;0
/home/noname/Pulpit/8thlab/Human_prop/training_photos/Images/068A00.JPG;1
/home/noname/Pulpit/8thlab/Human_prop/training_photos/Images/070A00.JPG;0
/home/noname/Pulpit/8thlab/Human_prop/training_photos/Images/013A30.JPG;0
/home/noname/Pulpit/8thlab/Human_prop/training_photos/Images/004A63.JPG;0
/home/noname/Pulpit/8thlab/Human_prop/training_photos/Images/017A19.JPG;0
/home/noname/Pulpit/8thlab/Human_prop/training_photos/Images/030A20.JPG;1
/home/noname/Pulpit/8thlab/Human_prop/training_photos/Images/003A38.JPG;0
/home/noname/Pulpit/8thlab/Human_prop/training_photos/Images/041A04.JPG;0
/home/noname/Pulpit/8thlab/Human_prop/training_photos/Images/073A14.JPG;1
/home/noname/Pulpit/8thlab/Human_prop/training_photos/Images/009A01.jpg;1
/home/noname/Pulpit/8thlab/Human_prop/training_photos/Images/070A03.JPG;0
/home/noname/Pulpit/8thlab/Human_prop/training_photos/Images/019A30.JPG;0
/home/noname/Pulpit/8thlab/Human_prop/training_photos/Images/044A17.JPG;0
/home/noname/Pulpit/8thlab/Human_prop/training_photos/Images/069A02.JPG;0
/home/noname/Pulpit/8thlab/Human_prop/training_photos/Images/071A43.JPG;0
/home/noname/Pulpit/8thlab/Human_prop/training_photos/Images/046A17.JPG;0
/home/noname/Pulpit/8thlab/Human_prop/training_photos/Images/013A19.JPG;0
/home/noname/Pulpit/8thlab/Human_prop/training_photos/Images/040A09.JPG;0
/home/noname/Pulpit/8thlab/Human_prop/training_photos/Images/007A26.JPG;0
/home/noname/Pulpit/8thlab/Human_prop/training_photos/Images/031A12.JPG;0
/home/noname/Pulpit/8thlab/Human_prop/training_photos/Images/020A04.JPG;1
/home/noname/Pulpit/8thlab/Human_prop/training_photos/Images/060A06.JPG;1
/home/noname/Pulpit/8thlab/Human_prop/training_photos/Images/042A20.JPG;0
/home/noname/Pulpit/8thlab/Human_prop/training_photos/Images/011A13.JPG;0
/home/noname/Pulpit/8thlab/Human_prop/training_photos/Images/060A10.JPG;1
/home/noname/Pulpit/8thlab/Human_prop/training_photos/Images/073A01.JPG;0
/home/noname/Pulpit/8thlab/Human_prop/training_photos/Images/018A22.JPG;1
/home/noname/Pulpit/8thlab/Human_prop/training_photos/Images/053A15.JPG;0
/home/noname/Pulpit/8thlab/Human_prop/training_photos/Images/078A04.JPG;0
/home/noname/Pulpit/8thlab/Human_prop/training_photos/Images/007A45.JPG;0
/home/noname/Pulpit/8thlab/Human_prop/training_photos/Images/005A45.JPG;1
/home/noname/Pulpit/8thlab/Human_prop/training_photos/Images/009A00.jpg;0
/home/noname/Pulpit/8thlab/Human_prop/training_photos/Images/025A12.JPG;1
/home/noname/Pulpit/8thlab/Human_prop/training_photos/Images/081A07.JPG;0
/home/noname/Pulpit/8thlab/Human_prop/training_photos/Images/036A18.JPG;0
/home/noname/Pulpit/8thlab/Human_prop/training_photos/Images/063A25.JPG;0
/home/noname/Pulpit/8thlab/Human_prop/training_photos/Images/005A24.JPG;1
/home/noname/Pulpit/8thlab/Human_prop/training_photos/Images/063A04.JPG;1
/home/noname/Pulpit/8thlab/Human_prop/training_photos/Images/005A30.JPG;1
/home/noname/Pulpit/8thlab/Human_prop/training_photos/Images/018A28.JPG;1
/home/noname/Pulpit/8thlab/Human_prop/training_photos/Images/009A18.JPG;1
/home/noname/Pulpit/8thlab/Human_prop/training_photos/Images/014A40.JPG;1
/home/noname/Pulpit/8thlab/Human_prop/training_photos/Images/039A07.JPG;1
/home/noname/Pulpit/8thlab/Human_prop/training_photos/Images/001A40.JPG;0
/home/noname/Pulpit/8thlab/Human_prop/training_photos/Images/053A12.JPG;0
/home/noname/Pulpit/8thlab/Human_prop/training_photos/Images/032A15.JPG;0
/home/noname/Pulpit/8thlab/Human_prop/training_photos/Images/036A17.JPG;0
/home/noname/Pulpit/8thlab/Human_prop/training_photos/Images/040A02.JPG;0
/home/noname/Pulpit/8thlab/Human_prop/training_photos/Images/047A45.JPG;1
/home/noname/Pulpit/8thlab/Human_prop/training_photos/Images/052A13.JPG;1
/home/noname/Pulpit/8thlab/Human_prop/training_photos/Images/069A13.JPG;0
/home/noname/Pulpit/8thlab/Human_prop/training_photos/Images/074A12.JPG;0
/home/noname/Pulpit/8thlab/Human_prop/training_photos/Images/011A15.JPG;0
/home/noname/Pulpit/8thlab/Human_prop/training_photos/Images/051A16.JPG;0
/home/noname/Pulpit/8thlab/Human_prop/training_photos/Images/050A06.JPG;1
/home/noname/Pulpit/8thlab/Human_prop/training_photos/Images/008A17.JPG;1
/home/noname/Pulpit/8thlab/Human_prop/training_photos/Images/020A22.JPG;1
/home/noname/Pulpit/8thlab/Human_prop/training_photos/Images/032A33.JPG;1
/home/noname/Pulpit/8thlab/Human_prop/training_photos/Images/031A03.JPG;1
/home/noname/Pulpit/8thlab/Human_prop/training_photos/Images/039A16.JPG;1
/home/noname/Pulpit/8thlab/Human_prop/training_photos/Images/054A18.JPG;1
/home/noname/Pulpit/8thlab/Human_prop/training_photos/Images/040A10.JPG;0
/home/noname/Pulpit/8thlab/Human_prop/training_photos/Images/011A27.JPG;0
/home/noname/Pulpit/8thlab/Human_prop/training_photos/Images/061A04.JPG;1
/home/noname/Pulpit/8thlab/Human_prop/training_photos/Images/010A07a.jpg;1
/home/noname/Pulpit/8thlab/Human_prop/training_photos/Images/043A27.JPG;1
/home/noname/Pulpit/8thlab/Human_prop/training_photos/Images/058A00.JPG;0
/home/noname/Pulpit/8thlab/Human_prop/training_photos/Images/053A10.JPG;0
/home/noname/Pulpit/8thlab/Human_prop/training_photos/Images/011A02.JPG;0
/home/noname/Pulpit/8thlab/Human_prop/training_photos/Images/062A15.JPG;1
/home/noname/Pulpit/8thlab/Human_prop/training_photos/Images/076A06.JPG;1
/home/noname/Pulpit/8thlab/Human_prop/training_photos/Images/016A10.JPG;0
/home/noname/Pulpit/8thlab/Human_prop/training_photos/Images/060A02.JPG;1
/home/noname/Pulpit/8thlab/Human_prop/training_photos/Images/001A28.JPG;0
/home/noname/Pulpit/8thlab/Human_prop/training_photos/Images/034A35.JPG;0
/home/noname/Pulpit/8thlab/Human_prop/training_photos/Images/038A17.JPG;0
/home/noname/Pulpit/8thlab/Human_prop/training_photos/Images/031A09.JPG;0
/home/noname/Pulpit/8thlab/Human_prop/training_photos/Images/006A69.JPG;0
/home/noname/Pulpit/8thlab/Human_prop/training_photos/Images/073A11.JPG;1
/home/noname/Pulpit/8thlab/Human_prop/training_photos/Images/076A00.JPG;0
/home/noname/Pulpit/8thlab/Human_prop/training_photos/Images/037A09.JPG;0
/home/noname/Pulpit/8thlab/Human_prop/training_photos/Images/019A18.JPG;0
/home/noname/Pulpit/8thlab/Human_prop/training_photos/Images/062A38.JPG;1
/home/noname/Pulpit/8thlab/Human_prop/training_photos/Images/011A20.JPG;0
/home/noname/Pulpit/8thlab/Human_prop/training_photos/Images/065A12.JPG;0
/home/noname/Pulpit/8thlab/Human_prop/training_photos/Images/055A05.JPG;0
/home/noname/Pulpit/8thlab/Human_prop/training_photos/Images/026A19.JPG;1
/home/noname/Pulpit/8thlab/Human_prop/training_photos/Images/058A17.JPG;0
/home/noname/Pulpit/8thlab/Human_prop/training_photos/Images/015A05.JPG;1
/home/noname/Pulpit/8thlab/Human_prop/training_photos/Images/003A61.JPG;0
/home/noname/Pulpit/8thlab/Human_prop/training_photos/Images/071A44.JPG;0
/home/noname/Pulpit/8thlab/Human_prop/training_photos/Images/003A18.JPG;0
/home/noname/Pulpit/8thlab/Human_prop/training_photos/Images/003A23.JPG;0
/home/noname/Pulpit/8thlab/Human_prop/training_photos/Images/068A04.JPG;0
/home/noname/Pulpit/8thlab/Human_prop/training_photos/Images/065A03b.JPG;1
/home/noname/Pulpit/8thlab/Human_prop/training_photos/Images/064A01.JPG;1
/home/noname/Pulpit/8thlab/Human_prop/training_photos/Images/012A27.JPG;1
/home/noname/Pulpit/8thlab/Human_prop/training_photos/Images/037A08.JPG;0
/home/noname/Pulpit/8thlab/Human_prop/training_photos/Images/081A01.JPG;0
/home/noname/Pulpit/8thlab/Human_prop/training_photos/Images/017A05.JPG;0
/home/noname/Pulpit/8thlab/Human_prop/training_photos/Images/071A23.JPG;0
/home/noname/Pulpit/8thlab/Human_prop/training_photos/Images/029A13.JPG;0
/home/noname/Pulpit/8thlab/Human_prop/training_photos/Images/048A54.JPG;0
/home/noname/Pulpit/8thlab/Human_prop/training_photos/Images/077A06.JPG;1
/home/noname/Pulpit/8thlab/Human_prop/training_photos/Images/034A13.JPG;0
/home/noname/Pulpit/8thlab/Human_prop/training_photos/Images/040A12.JPG;0
/home/noname/Pulpit/8thlab/Human_prop/training_photos/Images/037A13.JPG;0
/home/noname/Pulpit/8thlab/Human_prop/training_photos/Images/010A12.jpg;1
/home/noname/Pulpit/8thlab/Human_prop/training_photos/Images/009A22b.JPG;1
/home/noname/Pulpit/8thlab/Human_prop/training_photos/Images/016A19.JPG;0
/home/noname/Pulpit/8thlab/Human_prop/training_photos/Images/072A17.JPG;1
/home/noname/Pulpit/8thlab/Human_prop/training_photos/Images/055A23.JPG;0
/home/noname/Pulpit/8thlab/Human_prop/training_photos/Images/057A16.JPG;0
/home/noname/Pulpit/8thlab/Human_prop/training_photos/Images/073A06.JPG;1
/home/noname/Pulpit/8thlab/Human_prop/training_photos/Images/071A42.JPG;0
/home/noname/Pulpit/8thlab/Human_prop/training_photos/Images/028A41.JPG;0
/home/noname/Pulpit/8thlab/Human_prop/training_photos/Images/082A03.JPG;0
/home/noname/Pulpit/8thlab/Human_prop/training_photos/Images/068A03.JPG;0
/home/noname/Pulpit/8thlab/Human_prop/training_photos/Images/034A18.JPG;0
/home/noname/Pulpit/8thlab/Human_prop/training_photos/Images/061A10.JPG;0
/home/noname/Pulpit/8thlab/Human_prop/training_photos/Images/017A15.JPG;0
/home/noname/Pulpit/8thlab/Human_prop/training_photos/Images/042A10.JPG;0
/home/noname/Pulpit/8thlab/Human_prop/training_photos/Images/040A05.JPG;0
/home/noname/Pulpit/8thlab/Human_prop/training_photos/Images/047A12.JPG;1
/home/noname/Pulpit/8thlab/Human_prop/training_photos/Images/078A15.JPG;0
/home/noname/Pulpit/8thlab/Human_prop/training_photos/Images/075A08.JPG;0
/home/noname/Pulpit/8thlab/Human_prop/training_photos/Images/066A09.JPG;0
/home/noname/Pulpit/8thlab/Human_prop/training_photos/Images/006A24.JPG;0
/home/noname/Pulpit/8thlab/Human_prop/training_photos/Images/015A03.JPG;1
/home/noname/Pulpit/8thlab/Human_prop/training_photos/Images/079A08.JPG;0
/home/noname/Pulpit/8thlab/Human_prop/training_photos/Images/068A14.JPG;0
/home/noname/Pulpit/8thlab/Human_prop/training_photos/Images/045A19.JPG;0
/home/noname/Pulpit/8thlab/Human_prop/training_photos/Images/072A02.JPG;1
/home/noname/Pulpit/8thlab/Human_prop/training_photos/Images/075A06.JPG;0
/home/noname/Pulpit/8thlab/Human_prop/training_photos/Images/061A25.JPG;1
/home/noname/Pulpit/8thlab/Human_prop/training_photos/Images/024A00.JPG;0
/home/noname/Pulpit/8thlab/Human_prop/training_photos/Images/035A05.JPG;0
/home/noname/Pulpit/8thlab/Human_prop/training_photos/Images/039A02.JPG;1
/home/noname/Pulpit/8thlab/Human_prop/training_photos/Images/057A07.JPG;0
/home/noname/Pulpit/8thlab/Human_prop/training_photos/Images/002A31.JPG;1
/home/noname/Pulpit/8thlab/Human_prop/training_photos/Images/004A53.JPG;0
/home/noname/Pulpit/8thlab/Human_prop/training_photos/Images/073A02.JPG;1
/home/noname/Pulpit/8thlab/Human_prop/training_photos/Images/048A27.JPG;0
/home/noname/Pulpit/8thlab/Human_prop/training_photos/Images/048A33.JPG;0
/home/noname/Pulpit/8thlab/Human_prop/training_photos/Images/054A12.JPG;1
/home/noname/Pulpit/8thlab/Human_prop/training_photos/Images/048A49.JPG;0
/home/noname/Pulpit/8thlab/Human_prop/training_photos/Images/009A16a.JPG;1
/home/noname/Pulpit/8thlab/Human_prop/training_photos/Images/077A07.JPG;1
/home/noname/Pulpit/8thlab/Human_prop/training_photos/Images/038A34.JPG;0
/home/noname/Pulpit/8thlab/Human_prop/training_photos/Images/049A06.JPG;1
/home/noname/Pulpit/8thlab/Human_prop/training_photos/Images/078A11.JPG;0
/home/noname/Pulpit/8thlab/Human_prop/training_photos/Images/016A08.JPG;0
/home/noname/Pulpit/8thlab/Human_prop/training_photos/Images/058A06.JPG;0
/home/noname/Pulpit/8thlab/Human_prop/training_photos/Images/048A15.JPG;0
/home/noname/Pulpit/8thlab/Human_prop/training_photos/Images/059A02a.JPG;1
/home/noname/Pulpit/8thlab/Human_prop/training_photos/Images/041A00.JPG;0
/home/noname/Pulpit/8thlab/Human_prop/training_photos/Images/008A29.JPG;1
/home/noname/Pulpit/8thlab/Human_prop/training_photos/Images/028A26.JPG;0
/home/noname/Pulpit/8thlab/Human_prop/training_photos/Images/044A21.JPG;0
/home/noname/Pulpit/8thlab/Human_prop/training_photos/Images/080A06.JPG;0
/home/noname/Pulpit/8thlab/Human_prop/training_photos/Images/028A34.JPG;0
/home/noname/Pulpit/8thlab/Human_prop/training_photos/Images/031A06.JPG;0
/home/noname/Pulpit/8thlab/Human_prop/training_photos/Images/016A04.JPG;0
/home/noname/Pulpit/8thlab/Human_prop/training_photos/Images/076A04.JPG;1
/home/noname/Pulpit/8thlab/Human_prop/training_photos/Images/078A03.JPG;0
/home/noname/Pulpit/8thlab/Human_prop/training_photos/Images/016A14.JPG;0
/home/noname/Pulpit/8thlab/Human_prop/training_photos/Images/052A17.JPG;1
/home/noname/Pulpit/8thlab/Human_prop/training_photos/Images/068A10b.JPG;0
/home/noname/Pulpit/8thlab/Human_prop/training_photos/Images/023A25.JPG;0
/home/noname/Pulpit/8thlab/Human_prop/training_photos/Images/007A37.JPG;0
/home/noname/Pulpit/8thlab/Human_prop/training_photos/Images/021A03.JPG;0
/home/noname/Pulpit/8thlab/Human_prop/training_photos/Images/071A45.JPG;0
/home/noname/Pulpit/8thlab/Human_prop/training_photos/Images/067A26.JPG;1
/home/noname/Pulpit/8thlab/Human_prop/training_photos/Images/036A01.JPG;0
/home/noname/Pulpit/8thlab/Human_prop/training_photos/Images/073A03.JPG;1
/home/noname/Pulpit/8thlab/Human_prop/training_photos/Images/082A23.JPG;0
/home/noname/Pulpit/8thlab/Human_prop/training_photos/Images/078A14.JPG;0
/home/noname/Pulpit/8thlab/Human_prop/training_photos/Images/022A14.JPG;0
/home/noname/Pulpit/8thlab/Human_prop/training_photos/Images/033A02.JPG;0
/home/noname/Pulpit/8thlab/Human_prop/training_photos/Images/060A07.JPG;1
/home/noname/Pulpit/8thlab/Human_prop/training_photos/Images/078A02.JPG;0
/home/noname/Pulpit/8thlab/Human_prop/training_photos/Images/002A36.JPG;1
/home/noname/Pulpit/8thlab/Human_prop/training_photos/Images/017A38.JPG;0
/home/noname/Pulpit/8thlab/Human_prop/training_photos/Images/004A62.JPG;0
/home/noname/Pulpit/8thlab/Human_prop/training_photos/Images/078A00.JPG;0
/home/noname/Pulpit/8thlab/Human_prop/training_photos/Images/060A05.JPG;1
/home/noname/Pulpit/8thlab/Human_prop/training_photos/Images/022A00.JPG;1
/home/noname/Pulpit/8thlab/Human_prop/training_photos/Images/058A15.JPG;0
/home/noname/Pulpit/8thlab/Human_prop/training_photos/Images/078A06.JPG;0
/home/noname/Pulpit/8thlab/Human_prop/training_photos/Images/049A04.JPG;1
/home/noname/Pulpit/8thlab/Human_prop/training_photos/Images/079A10.JPG;0
/home/noname/Pulpit/8thlab/Human_prop/training_photos/Images/044A05.JPG;0
/home/noname/Pulpit/8thlab/Human_prop/training_photos/Images/034A21.JPG;1
/home/noname/Pulpit/8thlab/Human_prop/training_photos/Images/078A08.JPG;0
/home/noname/Pulpit/8thlab/Human_prop/training_photos/Images/033A30.JPG;0
/home/noname/Pulpit/8thlab/Human_prop/training_photos/Images/033A44.JPG;0
/home/noname/Pulpit/8thlab/Human_prop/training_photos/Images/074A08.JPG;0
/home/noname/Pulpit/8thlab/Human_prop/training_photos/Images/035A14.JPG;0
/home/noname/Pulpit/8thlab/Human_prop/training_photos/Images/072A45.JPG;1
/home/noname/Pulpit/8thlab/Human_prop/training_photos/Images/077A16.JPG;1
/home/noname/Pulpit/8thlab/Human_prop/training_photos/Images/071A10.JPG;0
/home/noname/Pulpit/8thlab/Human_prop/training_photos/Images/028A20.JPG;0
/home/noname/Pulpit/8thlab/Human_prop/training_photos/Images/067A21.JPG;1
/home/noname/Pulpit/8thlab/Human_prop/training_photos/Images/047A23.JPG;1
/home/noname/Pulpit/8thlab/Human_prop/training_photos/Images/055A12.JPG;0
/home/noname/Pulpit/8thlab/Human_prop/training_photos/Images/022A20.JPG;0
/home/noname/Pulpit/8thlab/Human_prop/training_photos/Images/002A07.JPG;1
/home/noname/Pulpit/8thlab/Human_prop/training_photos/Images/017A17.JPG;0
/home/noname/Pulpit/8thlab/Human_prop/training_photos/Images/066A11.JPG;1
/home/noname/Pulpit/8thlab/Human_prop/training_photos/Images/045A08.JPG;0
/home/noname/Pulpit/8thlab/Human_prop/training_photos/Images/046A00.JPG;0
/home/noname/Pulpit/8thlab/Human_prop/training_photos/Images/023A18.JPG;0
/home/noname/Pulpit/8thlab/Human_prop/training_photos/Images/023A14.JPG;0
/home/noname/Pulpit/8thlab/Human_prop/training_photos/Images/051A18.JPG;0
/home/noname/Pulpit/8thlab/Human_prop/training_photos/Images/003A25.JPG;0
/home/noname/Pulpit/8thlab/Human_prop/training_photos/Images/020A24.JPG;1
/home/noname/Pulpit/8thlab/Human_prop/training_photos/Images/033A35.JPG;0
/home/noname/Pulpit/8thlab/Human_prop/training_photos/Images/047A20.JPG;1
/home/noname/Pulpit/8thlab/Human_prop/training_photos/Images/022A26.JPG;0
/home/noname/Pulpit/8thlab/Human_prop/training_photos/Images/026A17.JPG;1
/home/noname/Pulpit/8thlab/Human_prop/training_photos/Images/045A28.JPG;0
/home/noname/Pulpit/8thlab/Human_prop/training_photos/Images/030A05.JPG;1
/home/noname/Pulpit/8thlab/Human_prop/training_photos/Images/032A06.JPG;1
/home/noname/Pulpit/8thlab/Human_prop/training_photos/Images/029A29.JPG;0
/home/noname/Pulpit/8thlab/Human_prop/training_photos/Images/066A03.JPG;0
/home/noname/Pulpit/8thlab/Human_prop/training_photos/Images/073A15.JPG;1
/home/noname/Pulpit/8thlab/Human_prop/training_photos/Images/051A08.JPG;0
/home/noname/Pulpit/8thlab/Human_prop/training_photos/Images/012A34.JPG;1
/home/noname/Pulpit/8thlab/Human_prop/training_photos/Images/021A18.JPG;1
/home/noname/Pulpit/8thlab/Human_prop/training_photos/Images/074A07.JPG;0
/home/noname/Pulpit/8thlab/Human_prop/training_photos/Images/054A11.JPG;0
/home/noname/Pulpit/8thlab/Human_prop/training_photos/Images/004A37.JPG;0
/home/noname/Pulpit/8thlab/Human_prop/training_photos/Images/079A07.JPG;0
/home/noname/Pulpit/8thlab/Human_prop/training_photos/Images/072A07.JPG;1
/home/noname/Pulpit/8thlab/Human_prop/training_photos/Images/032A08.JPG;1
/home/noname/Pulpit/8thlab/Human_prop/training_photos/Images/036A15.JPG;0
/home/noname/Pulpit/8thlab/Human_prop/training_photos/Images/066A06b.JPG;0
/home/noname/Pulpit/8thlab/Human_prop/training_photos/Images/003A51.JPG;0
/home/noname/Pulpit/8thlab/Human_prop/training_photos/Images/076A15.JPG;1
/home/noname/Pulpit/8thlab/Human_prop/training_photos/Images/058A01.JPG;1
/home/noname/Pulpit/8thlab/Human_prop/training_photos/Images/008A06.JPG;1
/home/noname/Pulpit/8thlab/Human_prop/training_photos/Images/046A20.JPG;0
/home/noname/Pulpit/8thlab/Human_prop/training_photos/Images/024A25.JPG;0
/home/noname/Pulpit/8thlab/Human_prop/training_photos/Images/016A18.JPG;0
/home/noname/Pulpit/8thlab/Human_prop/training_photos/Images/048A16.JPG;0
/home/noname/Pulpit/8thlab/Human_prop/training_photos/Images/003A20.JPG;0
/home/noname/Pulpit/8thlab/Human_prop/training_photos/Images/038A21.JPG;0
/home/noname/Pulpit/8thlab/Human_prop/training_photos/Images/037A02.JPG;0
/home/noname/Pulpit/8thlab/Human_prop/training_photos/Images/004A28.JPG;0
/home/noname/Pulpit/8thlab/Human_prop/training_photos/Images/014A03.JPG;1
/home/noname/Pulpit/8thlab/Human_prop/training_photos/Images/022A25.JPG;0
/home/noname/Pulpit/8thlab/Human_prop/training_photos/Images/067A17.JPG;1
/home/noname/Pulpit/8thlab/Human_prop/training_photos/Images/030A00.JPG;1
/home/noname/Pulpit/8thlab/Human_prop/training_photos/Images/076A17.JPG;1
/home/noname/Pulpit/8thlab/Human_prop/training_photos/Images/057A18.JPG;1
/home/noname/Pulpit/8thlab/Human_prop/training_photos/Images/043A23.JPG;1
/home/noname/Pulpit/8thlab/Human_prop/training_photos/Images/015A15.JPG;1
/home/noname/Pulpit/8thlab/Human_prop/training_photos/Images/059A04.JPG;1
/home/noname/Pulpit/8thlab/Human_prop/training_photos/Images/037A18.JPG;0
/home/noname/Pulpit/8thlab/Human_prop/training_photos/Images/061A26.JPG;1
/home/noname/Pulpit/8thlab/Human_prop/training_photos/Images/012A18.JPG;1
/home/noname/Pulpit/8thlab/Human_prop/training_photos/Images/045A32.JPG;0
/home/noname/Pulpit/8thlab/Human_prop/training_photos/Images/028A37.JPG;0
/home/noname/Pulpit/8thlab/Human_prop/training_photos/Images/036A20.JPG;0
/home/noname/Pulpit/8thlab/Human_prop/training_photos/Images/079A01.JPG;0
/home/noname/Pulpit/8thlab/Human_prop/training_photos/Images/070A09.JPG;0
/home/noname/Pulpit/8thlab/Human_prop/training_photos/Images/036A00.JPG;0
/home/noname/Pulpit/8thlab/Human_prop/training_photos/Images/028A35.JPG;0
/home/noname/Pulpit/8thlab/Human_prop/training_photos/Images/075A05.JPG;0
/home/noname/Pulpit/8thlab/Human_prop/training_photos/Images/039A11.JPG;1
/home/noname/Pulpit/8thlab/Human_prop/training_photos/Images/048A11.JPG;0
/home/noname/Pulpit/8thlab/Human_prop/training_photos/Images/025A19.JPG;1
/home/noname/Pulpit/8thlab/Human_prop/training_photos/Images/074A05.JPG;0
/home/noname/Pulpit/8thlab/Human_prop/training_photos/Images/062A30.JPG;1
/home/noname/Pulpit/8thlab/Human_prop/training_photos/Images/030A26.JPG;1
/home/noname/Pulpit/8thlab/Human_prop/training_photos/Images/006A36.JPG;0
/home/noname/Pulpit/8thlab/Human_prop/training_photos/Images/056A01.JPG;0
/home/noname/Pulpit/8thlab/Human_prop/training_photos/Images/017A07.JPG;0
/home/noname/Pulpit/8thlab/Human_prop/training_photos/Images/008A12.JPG;1
/home/noname/Pulpit/8thlab/Human_prop/training_photos/Images/080A00.JPG;0
/home/noname/Pulpit/8thlab/Human_prop/training_photos/Images/044A07.JPG;0
/home/noname/Pulpit/8thlab/Human_prop/training_photos/Images/031A04.JPG;0
/home/noname/Pulpit/8thlab/Human_prop/training_photos/Images/047A15.JPG;1
/home/noname/Pulpit/8thlab/Human_prop/training_photos/Images/040A00.JPG;0
/home/noname/Pulpit/8thlab/Human_prop/training_photos/Images/042A06.JPG;0
/home/noname/Pulpit/8thlab/Human_prop/training_photos/Images/062A54.JPG;1
/home/noname/Pulpit/8thlab/Human_prop/training_photos/Images/021A05.JPG;1
/home/noname/Pulpit/8thlab/Human_prop/training_photos/Images/054A04.JPG;1
/home/noname/Pulpit/8thlab/Human_prop/training_photos/Images/041A24.JPG;0
/home/noname/Pulpit/8thlab/Human_prop/training_photos/Images/049A15.JPG;1
/home/noname/Pulpit/8thlab/Human_prop/training_photos/Images/002A03.JPG;0
/home/noname/Pulpit/8thlab/Human_prop/training_photos/Images/019A15.JPG;0
/home/noname/Pulpit/8thlab/Human_prop/training_photos/Images/008A16.JPG;1
/home/noname/Pulpit/8thlab/Human_prop/training_photos/Images/041A06.JPG;0
/home/noname/Pulpit/8thlab/Human_prop/training_photos/Images/017A29.JPG;0
/home/noname/Pulpit/8thlab/Human_prop/training_photos/Images/056A12.JPG;0
/home/noname/Pulpit/8thlab/Human_prop/training_photos/Images/026A13.JPG;1
/home/noname/Pulpit/8thlab/Human_prop/training_photos/Images/068A10a.JPG;0
/home/noname/Pulpit/8thlab/Human_prop/training_photos/Images/021A39.JPG;1
/home/noname/Pulpit/8thlab/Human_prop/training_photos/Images/065A07b.JPG;1
/home/noname/Pulpit/8thlab/Human_prop/training_photos/Images/017A22.JPG;0
/home/noname/Pulpit/8thlab/Human_prop/training_photos/Images/067A39.JPG;1
/home/noname/Pulpit/8thlab/Human_prop/training_photos/Images/028A14.JPG;0
/home/noname/Pulpit/8thlab/Human_prop/training_photos/Images/055A22.JPG;0
/home/noname/Pulpit/8thlab/Human_prop/training_photos/Images/023A05.JPG;0
/home/noname/Pulpit/8thlab/Human_prop/training_photos/Images/042A04.JPG;0
/home/noname/Pulpit/8thlab/Human_prop/training_photos/Images/002A04.JPG;1
/home/noname/Pulpit/8thlab/Human_prop/training_photos/Images/032A18.JPG;1
/home/noname/Pulpit/8thlab/Human_prop/training_photos/Images/044A15.JPG;0
/home/noname/Pulpit/8thlab/Human_prop/training_photos/Images/007A23.JPG;0
/home/noname/Pulpit/8thlab/Human_prop/training_photos/Images/045A25.JPG;0
/home/noname/Pulpit/8thlab/Human_prop/training_photos/Images/020A11.JPG;1
/home/noname/Pulpit/8thlab/Human_prop/training_photos/Images/023A03.JPG;0
/home/noname/Pulpit/8thlab/Human_prop/training_photos/Images/065A09.JPG;1
/home/noname/Pulpit/8thlab/Human_prop/training_photos/Images/033A39.JPG;0
/home/noname/Pulpit/8thlab/Human_prop/training_photos/Images/060A19.JPG;1
/home/noname/Pulpit/8thlab/Human_prop/training_photos/Images/026A18.JPG;1
